acc,prec,rec,f1,mcc,auc,wprec,wrec,wf1,ds,fold,clf,smote
0.8169014084507042,0.14285714285714285,0.125,0.13333333333333333,0.03156726701725659,0.5148809523809523,0.8063694668008049,0.8169014084507042,0.8115189826623784,ivy-2.0,0,DT,False
0.8873239436619719,0.5,0.25,0.3333333333333333,0.2993022763721555,0.7321428571428572,0.8642001261299138,0.8873239436619719,0.8702780787287829,ivy-2.0,0,LR,False
0.9014084507042254,1.0,0.125,0.2222222222222222,0.33541019662496846,0.6825396825396826,0.9112676056338028,0.9014084507042254,0.8656618070999094,ivy-2.0,0,SVM,False
0.9014084507042254,0.6666666666666666,0.25,0.36363636363636365,0.3680032510445172,0.7569444444444445,0.884148025407346,0.9014084507042254,0.8808827985260628,ivy-2.0,0,RF,False
0.8873239436619719,0.5,0.125,0.2,0.20854888779692463,0.5119047619047619,0.8536436007348439,0.8873239436619719,0.8560819462227914,ivy-2.0,0,KNN,False
0.8591549295774648,0.3333333333333333,0.25,0.2857142857142857,0.21202168510130032,0.6795634920634922,0.8429758035391838,0.8591549295774648,0.8501949195171026,ivy-2.0,0,NB,False
0.8591549295774648,0.25,0.125,0.16666666666666666,0.10611626162285513,0.6349206349206349,0.8227874710952281,0.8591549295774648,0.8378475984109788,ivy-2.0,0,MLP,False
0.8873239436619719,0.0,0.0,0.0,0.0,0.5,0.7873437809958342,0.8873239436619719,0.8343493798612571,ivy-2.0,0,Majority,False
0.8169014084507042,0.0,0.0,0.0,-0.09808164772274995,0.46031746031746035,0.7797695262483996,0.8169014084507042,0.797903701277432,ivy-2.0,0,DT,True
0.7605633802816901,0.2,0.375,0.2608695652173913,0.14293152825289276,0.6349206349206349,0.8306338028169015,0.7605633802816901,0.7899571341090018,ivy-2.0,0,LR,True
0.7746478873239436,0.16666666666666666,0.25,0.2,0.0770062428536545,0.634920634920635,0.8158669531312167,0.7746478873239436,0.7934888016624336,ivy-2.0,0,SVM,True
0.8873239436619719,0.5,0.375,0.42857142857142855,0.37216572384802715,0.7480158730158729,0.8754062838569882,0.8873239436619719,0.8801559356136821,ivy-2.0,0,RF,True
0.7464788732394366,0.1875,0.375,0.25,0.1276328072152042,0.5138888888888888,0.8277848911651728,0.7464788732394366,0.7801384578658391,ivy-2.0,0,KNN,True
0.8450704225352113,0.3333333333333333,0.375,0.35294117647058826,0.2658806580433345,0.6339285714285715,0.8533242465545963,0.8450704225352113,0.8490074565037282,ivy-2.0,0,NB,True
0.8450704225352113,0.2857142857142857,0.25,0.26666666666666666,0.1809856642322711,0.6626984126984127,0.8363304828973843,0.8450704225352113,0.8405160622527819,ivy-2.0,0,MLP,True
0.7887323943661971,0.1111111111111111,0.125,0.11764705882352941,-0.0018856784258392517,0.4990079365079365,0.7996617699025694,0.7887323943661971,0.7941010770505385,ivy-2.0,1,DT,False
0.8873239436619719,0.5,0.125,0.2,0.20854888779692463,0.873015873015873,0.8536436007348439,0.8873239436619719,0.8560819462227914,ivy-2.0,1,LR,False
0.9014084507042254,1.0,0.125,0.2222222222222222,0.33541019662496846,0.6785714285714286,0.9112676056338028,0.9014084507042254,0.8656618070999094,ivy-2.0,1,SVM,False
0.9014084507042254,0.6666666666666666,0.25,0.36363636363636365,0.3680032510445172,0.8333333333333334,0.884148025407346,0.9014084507042254,0.8808827985260628,ivy-2.0,1,RF,False
0.8873239436619719,0.5,0.25,0.3333333333333333,0.2993022763721555,0.7361111111111112,0.8642001261299138,0.8873239436619719,0.8702780787287829,ivy-2.0,1,KNN,False
0.7887323943661971,0.26666666666666666,0.5,0.34782608695652173,0.2520512971341335,0.8472222222222222,0.8539906103286385,0.7887323943661971,0.8146680595079429,ivy-2.0,1,NB,False
0.8309859154929577,0.3,0.375,0.3333333333333333,0.23986752567301695,0.7896825396825397,0.8483952897714153,0.8309859154929577,0.8390125700439194,ivy-2.0,1,MLP,False
0.8873239436619719,0.0,0.0,0.0,0.0,0.5,0.7873437809958342,0.8873239436619719,0.8343493798612571,ivy-2.0,1,Majority,False
0.8309859154929577,0.375,0.75,0.5,0.44746560647212763,0.7956349206349207,0.8973111395646607,0.8309859154929577,0.8534256385772261,ivy-2.0,1,DT,True
0.7605633802816901,0.30434782608695654,0.875,0.45161290322580644,0.41960874688224437,0.8630952380952381,0.9031307409675444,0.7605633802816901,0.8023134447487015,ivy-2.0,1,LR,True
0.7605633802816901,0.32,1.0,0.48484848484848486,0.4833743824933151,0.8849206349206349,0.9233802816901409,0.7605633802816901,0.8035647859914562,ivy-2.0,1,SVM,True
0.8450704225352113,0.4,0.75,0.5217391304347826,0.4702908348966149,0.8700396825396824,0.9007042253521127,0.8450704225352113,0.8640899103058247,ivy-2.0,1,RF,True
0.6619718309859155,0.21428571428571427,0.75,0.3333333333333333,0.25931214508445904,0.7172619047619048,0.8701979317767068,0.6619718309859155,0.7239790946939498,ivy-2.0,1,KNN,True
0.7887323943661971,0.3157894736842105,0.75,0.4444444444444444,0.3882905511151946,0.8630952380952381,0.8887780122027713,0.7887323943661971,0.8216642852282778,ivy-2.0,1,NB,True
0.7887323943661971,0.26666666666666666,0.5,0.34782608695652173,0.2520512971341335,0.7976190476190477,0.8539906103286385,0.7887323943661971,0.8146680595079429,ivy-2.0,1,MLP,True
0.8571428571428571,0.4,0.5,0.4444444444444444,0.3666177875533832,0.7016129032258064,0.8723809523809525,0.8571428571428571,0.8639084048920115,ivy-2.0,2,DT,False
0.9,0.6666666666666666,0.25,0.36363636363636365,0.3673830558716808,0.6028225806451613,0.882587064676617,0.9,0.8792107117688512,ivy-2.0,2,LR,False
0.8857142857142857,0.0,0.0,0.0,0.0,0.780241935483871,0.7844897959183673,0.8857142857142857,0.8320346320346321,ivy-2.0,2,SVM,False
0.8857142857142857,0.5,0.125,0.2,0.20791387247637289,0.9092741935483871,0.8516806722689075,0.8857142857142857,0.8540659340659341,ivy-2.0,2,RF,False
0.9,1.0,0.125,0.2222222222222222,0.33514003129991815,0.8084677419354839,0.9101449275362319,0.9,0.863782866836302,ivy-2.0,2,KNN,False
0.8142857142857143,0.2727272727272727,0.375,0.3157894736842105,0.21502880631234628,0.7419354838709677,0.8418225841954655,0.8142857142857143,0.8266451252097186,ivy-2.0,2,NB,False
0.9,0.6,0.375,0.46153846153846156,0.4234151591787102,0.6915322580645161,0.8861538461538462,0.9,0.8896426408237432,ivy-2.0,2,MLP,False
0.8857142857142857,0.0,0.0,0.0,0.0,0.5,0.7844897959183673,0.8857142857142857,0.8320346320346321,ivy-2.0,2,Majority,False
0.7857142857142857,0.18181818181818182,0.25,0.21052631578947367,0.0916516223626394,0.5524193548387097,0.816420867268325,0.7857142857142857,0.7999751444727521,ivy-2.0,2,DT,True
0.7714285714285715,0.25,0.5,0.3333333333333333,0.23219126545047605,0.6330645161290323,0.8486772486772486,0.7714285714285715,0.8016420361247947,ivy-2.0,2,LR,True
0.7857142857142857,0.23076923076923078,0.375,0.2857142857142857,0.17484608927420311,0.7399193548387097,0.8343936764989396,0.7857142857142857,0.8067226890756303,ivy-2.0,2,SVM,True
0.9285714285714286,0.8,0.5,0.6153846153846154,0.5977625776640615,0.9183467741935484,0.9226373626373627,0.9285714285714286,0.9211733148741023,ivy-2.0,2,RF,True
0.7428571428571429,0.2727272727272727,0.75,0.4,0.3371452373176037,0.7741935483870968,0.879978354978355,0.7428571428571429,0.7864935064935065,ivy-2.0,2,KNN,True
0.8142857142857143,0.2727272727272727,0.375,0.3157894736842105,0.21502880631234628,0.6471774193548387,0.8418225841954655,0.8142857142857143,0.8266451252097186,ivy-2.0,2,NB,True
0.8571428571428571,0.4,0.5,0.4444444444444444,0.3666177875533832,0.6995967741935484,0.8723809523809525,0.8571428571428571,0.8639084048920115,ivy-2.0,2,MLP,True
0.8571428571428571,0.25,0.125,0.16666666666666666,0.1050124509677782,0.5383064516129032,0.8203463203463203,0.8571428571428571,0.8355654761904763,ivy-2.0,3,DT,False
0.9,1.0,0.125,0.2222222222222222,0.33514003129991815,0.8245967741935484,0.9101449275362319,0.9,0.863782866836302,ivy-2.0,3,LR,False
0.9,1.0,0.125,0.2222222222222222,0.33514003129991815,0.7620967741935484,0.9101449275362319,0.9,0.863782866836302,ivy-2.0,3,SVM,False
0.9,0.6666666666666666,0.25,0.36363636363636365,0.3673830558716808,0.8588709677419355,0.882587064676617,0.9,0.8792107117688512,ivy-2.0,3,RF,False
0.9142857142857143,0.75,0.375,0.5,0.49190042821748736,0.8578629032258065,0.9043290043290042,0.9142857142857143,0.9013392857142857,ivy-2.0,3,KNN,False
0.8571428571428571,0.375,0.375,0.375,0.29435483870967744,0.8064516129032258,0.8571428571428571,0.8571428571428571,0.8571428571428571,ivy-2.0,3,NB,False
0.9285714285714286,0.8,0.5,0.6153846153846154,0.5977625776640615,0.877016129032258,0.9226373626373627,0.9285714285714286,0.9211733148741023,ivy-2.0,3,MLP,False
0.8857142857142857,0.0,0.0,0.0,0.0,0.5,0.7844897959183673,0.8857142857142857,0.8320346320346321,ivy-2.0,3,Majority,False
0.8714285714285714,0.45454545454545453,0.625,0.5263157894736842,0.4617831742117601,0.7641129032258065,0.8926260180497468,0.8714285714285714,0.8799850866836513,ivy-2.0,3,DT,True
0.8285714285714286,0.35714285714285715,0.625,0.45454545454545453,0.38166126680689666,0.7963709677419355,0.8790816326530612,0.8285714285714286,0.8475896984371561,ivy-2.0,3,LR,True
0.8714285714285714,0.45454545454545453,0.625,0.5263157894736842,0.4617831742117601,0.8810483870967742,0.8926260180497468,0.8714285714285714,0.8799850866836513,ivy-2.0,3,SVM,True
0.9285714285714286,0.8,0.5,0.6153846153846154,0.5977625776640615,0.8487903225806451,0.9226373626373627,0.9285714285714286,0.9211733148741023,ivy-2.0,3,RF,True
0.7857142857142857,0.3157894736842105,0.75,0.4444444444444444,0.38657348919968076,0.8659274193548387,0.8870706177207726,0.7857142857142857,0.8189352437140048,ivy-2.0,3,KNN,True
0.8571428571428571,0.4,0.5,0.4444444444444444,0.3666177875533832,0.814516129032258,0.8723809523809525,0.8571428571428571,0.8639084048920115,ivy-2.0,3,NB,True
0.9142857142857143,0.6666666666666666,0.5,0.5714285714285714,0.5315957919524057,0.8649193548387097,0.906547619047619,0.9142857142857143,0.9088435374149659,ivy-2.0,3,MLP,True
0.7714285714285715,0.1,0.125,0.1111111111111111,-0.01833088937766916,0.4899193548387097,0.7938095238095237,0.7714285714285715,0.7822534478272182,ivy-2.0,4,DT,False
0.8571428571428571,0.25,0.125,0.16666666666666666,0.1050124509677782,0.6350806451612903,0.8203463203463203,0.8571428571428571,0.8355654761904763,ivy-2.0,4,LR,False
0.8571428571428571,0.0,0.0,0.0,-0.06160411036336975,0.4637096774193548,0.7815126050420168,0.8571428571428571,0.8175824175824177,ivy-2.0,4,SVM,False
0.8285714285714286,0.16666666666666666,0.125,0.14285714285714285,0.0504099457885902,0.6290322580645161,0.8078869047619048,0.8285714285714286,0.817687074829932,ivy-2.0,4,RF,False
0.8571428571428571,0.25,0.125,0.16666666666666666,0.1050124509677782,0.6673387096774194,0.8203463203463203,0.8571428571428571,0.8355654761904763,ivy-2.0,4,KNN,False
0.8285714285714286,0.3,0.375,0.3333333333333333,0.2383015619096991,0.7268145161290323,0.846190476190476,0.8285714285714286,0.8366900858704137,ivy-2.0,4,NB,False
0.8285714285714286,0.16666666666666666,0.125,0.14285714285714285,0.0504099457885902,0.7318548387096774,0.8078869047619048,0.8285714285714286,0.817687074829932,ivy-2.0,4,MLP,False
0.8857142857142857,0.0,0.0,0.0,0.0,0.5,0.7844897959183673,0.8857142857142857,0.8320346320346321,ivy-2.0,4,Majority,False
0.7142857142857143,0.125,0.25,0.16666666666666666,0.018330889377669163,0.5120967741935484,0.8015873015873015,0.7142857142857143,0.7520525451559935,ivy-2.0,4,DT,True
0.7571428571428571,0.2,0.375,0.2608695652173913,0.14069371488316254,0.6310483870967742,0.828051948051948,0.7571428571428571,0.7868344216170303,ivy-2.0,4,LR,True
0.7857142857142857,0.18181818181818182,0.25,0.21052631578947367,0.0916516223626394,0.6733870967741935,0.816420867268325,0.7857142857142857,0.7999751444727521,ivy-2.0,4,SVM,True
0.7857142857142857,0.1111111111111111,0.125,0.11764705882352941,-0.003832683748485616,0.6149193548387097,0.7967733541504033,0.7857142857142857,0.7911457265833162,ivy-2.0,4,RF,True
0.8,0.25,0.375,0.3,0.19402576001812696,0.6794354838709677,0.8379310344827586,0.8,0.8166666666666667,ivy-2.0,4,KNN,True
0.8,0.25,0.375,0.3,0.19402576001812696,0.7631048387096774,0.8379310344827586,0.8,0.8166666666666667,ivy-2.0,4,NB,True
0.8,0.125,0.125,0.125,0.012096774193548387,0.6814516129032258,0.8,0.8,0.8,ivy-2.0,4,MLP,True
0.7887323943661971,0.1111111111111111,0.125,0.11764705882352941,-0.0018856784258392517,0.4990079365079365,0.7996617699025694,0.7887323943661971,0.7941010770505385,ivy-2.0,5,DT,False
0.8732394366197183,0.0,0.0,0.0,-0.042591770999996,0.7638888888888888,0.7859154929577464,0.8732394366197183,0.8272794662713121,ivy-2.0,5,LR,False
0.8873239436619719,0.0,0.0,0.0,0.0,0.4087301587301588,0.7873437809958342,0.8873239436619719,0.8343493798612571,ivy-2.0,5,SVM,False
0.8873239436619719,0.0,0.0,0.0,0.0,0.7113095238095238,0.7873437809958342,0.8873239436619719,0.8343493798612571,ivy-2.0,5,RF,False
0.8732394366197183,0.0,0.0,0.0,-0.042591770999996,0.630952380952381,0.7859154929577464,0.8732394366197183,0.8272794662713121,ivy-2.0,5,KNN,False
0.8591549295774648,0.3333333333333333,0.25,0.2857142857142857,0.21202168510130032,0.7797619047619048,0.8429758035391838,0.8591549295774648,0.8501949195171026,ivy-2.0,5,NB,False
0.8450704225352113,0.0,0.0,0.0,-0.07484811885651198,0.6765873015873016,0.7829328914664457,0.8450704225352113,0.8128158262552414,ivy-2.0,5,MLP,False
0.8873239436619719,0.0,0.0,0.0,0.0,0.5,0.7873437809958342,0.8873239436619719,0.8343493798612571,ivy-2.0,5,Majority,False
0.6901408450704225,0.0,0.0,0.0,-0.17660431427533918,0.3888888888888889,0.7627872498146775,0.6901408450704225,0.7246478873239436,ivy-2.0,5,DT,True
0.8169014084507042,0.14285714285714285,0.125,0.13333333333333333,0.03156726701725659,0.6984126984126985,0.8063694668008049,0.8169014084507042,0.8115189826623784,ivy-2.0,5,LR,True
0.8169014084507042,0.2727272727272727,0.375,0.3157894736842105,0.21673186942095807,0.7579365079365079,0.8441101152368757,0.8169014084507042,0.8291236507620822,ivy-2.0,5,SVM,True
0.8732394366197183,0.42857142857142855,0.375,0.4,0.3304040614472856,0.7361111111111112,0.8662914989939638,0.8732394366197183,0.8695131418431851,ivy-2.0,5,RF,True
0.7605633802816901,0.23529411764705882,0.5,0.32,0.21758307321026263,0.6587301587301587,0.8481082573874621,0.7605633802816901,0.7944528710725894,ivy-2.0,5,KNN,True
0.8309859154929577,0.3,0.375,0.3333333333333333,0.23986752567301695,0.8075396825396826,0.8483952897714153,0.8309859154929577,0.8390125700439194,ivy-2.0,5,NB,True
0.8309859154929577,0.25,0.25,0.25,0.15476190476190477,0.6904761904761905,0.8309859154929577,0.8309859154929577,0.8309859154929577,ivy-2.0,5,MLP,True
0.8028169014084507,0.2,0.25,0.2222222222222222,0.11181794429869962,0.5615079365079365,0.8225813899792196,0.8028169014084507,0.812181331717906,ivy-2.0,6,DT,False
0.9154929577464789,0.6666666666666666,0.5,0.5714285714285714,0.532309762594754,0.9087301587301587,0.9078367641747923,0.9154929577464789,0.9101169517102615,ivy-2.0,6,LR,False
0.8873239436619719,0.0,0.0,0.0,0.0,0.8253968253968255,0.7873437809958342,0.8873239436619719,0.8343493798612571,ivy-2.0,6,SVM,False
0.9014084507042254,0.6666666666666666,0.25,0.36363636363636365,0.3680032510445172,0.7549603174603176,0.884148025407346,0.9014084507042254,0.8808827985260628,ivy-2.0,6,RF,False
0.8732394366197183,0.0,0.0,0.0,-0.042591770999996,0.6488095238095238,0.7859154929577464,0.8732394366197183,0.8272794662713121,ivy-2.0,6,KNN,False
0.8732394366197183,0.4444444444444444,0.5,0.47058823529411764,0.39976382627792134,0.8759920634920635,0.8801554848806098,0.8732394366197183,0.8764606462303232,ivy-2.0,6,NB,False
0.9014084507042254,0.5714285714285714,0.5,0.5333333333333333,0.4798224586623001,0.753968253968254,0.8962525150905433,0.9014084507042254,0.8985102214335884,ivy-2.0,6,MLP,False
0.8873239436619719,0.0,0.0,0.0,0.0,0.5,0.7873437809958342,0.8873239436619719,0.8343493798612571,ivy-2.0,6,Majority,False
0.8732394366197183,0.4444444444444444,0.5,0.47058823529411764,0.39976382627792134,0.7103174603174603,0.8801554848806098,0.8732394366197183,0.8764606462303232,ivy-2.0,6,DT,True
0.8450704225352113,0.38461538461538464,0.625,0.47619047619047616,0.40716719518749167,0.8194444444444444,0.884764822355886,0.8450704225352113,0.8603133955246631,ivy-2.0,6,LR,True
0.7605633802816901,0.2,0.375,0.2608695652173913,0.14293152825289276,0.7341269841269841,0.8306338028169015,0.7605633802816901,0.7899571341090018,ivy-2.0,6,SVM,True
0.8591549295774648,0.3333333333333333,0.25,0.2857142857142857,0.21202168510130032,0.7787698412698413,0.8429758035391838,0.8591549295774648,0.8501949195171026,ivy-2.0,6,RF,True
0.7887323943661971,0.26666666666666666,0.5,0.34782608695652173,0.2520512971341335,0.6121031746031746,0.8539906103286385,0.7887323943661971,0.8146680595079429,ivy-2.0,6,KNN,True
0.8873239436619719,0.5,0.5,0.5,0.4365079365079365,0.7966269841269842,0.8873239436619719,0.8873239436619719,0.8873239436619719,ivy-2.0,6,NB,True
0.8873239436619719,0.5,0.375,0.42857142857142855,0.37216572384802715,0.7043650793650794,0.8754062838569882,0.8873239436619719,0.8801559356136821,ivy-2.0,6,MLP,True
0.8285714285714286,0.375,0.75,0.5,0.4460516415232829,0.7943548387096775,0.8957671957671958,0.8285714285714286,0.8512315270935961,ivy-2.0,7,DT,False
0.8571428571428571,0.25,0.125,0.16666666666666666,0.1050124509677782,0.8266129032258064,0.8203463203463203,0.8571428571428571,0.8355654761904763,ivy-2.0,7,LR,False
0.8857142857142857,0.5,0.125,0.2,0.20791387247637289,0.592741935483871,0.8516806722689075,0.8857142857142857,0.8540659340659341,ivy-2.0,7,SVM,False
0.8571428571428571,0.3333333333333333,0.25,0.2857142857142857,0.21080522784319536,0.8558467741935484,0.8407738095238095,0.8571428571428571,0.8480725623582765,ivy-2.0,7,RF,False
0.9,0.6666666666666666,0.25,0.36363636363636365,0.3673830558716808,0.7268145161290323,0.882587064676617,0.9,0.8792107117688512,ivy-2.0,7,KNN,False
0.7714285714285715,0.21428571428571427,0.375,0.2727272727272727,0.15715463927342804,0.8054435483870968,0.8311224489795919,0.7714285714285715,0.7967862645828747,ivy-2.0,7,NB,False
0.9142857142857143,0.625,0.625,0.625,0.5766129032258065,0.8629032258064515,0.9142857142857143,0.9142857142857143,0.9142857142857143,ivy-2.0,7,MLP,False
0.8857142857142857,0.0,0.0,0.0,0.0,0.5,0.7844897959183673,0.8857142857142857,0.8320346320346321,ivy-2.0,7,Majority,False
0.7857142857142857,0.23076923076923078,0.375,0.2857142857142857,0.17484608927420311,0.6068548387096775,0.8343936764989396,0.7857142857142857,0.8067226890756303,ivy-2.0,7,DT,True
0.8,0.3333333333333333,0.75,0.46153846153846156,0.4050702233638995,0.8286290322580645,0.8897435897435898,0.8,0.829689608636977,ivy-2.0,7,LR,True
0.7571428571428571,0.2857142857142857,0.75,0.41379310344827586,0.3527378107513292,0.8286290322580645,0.8822157434402332,0.7571428571428571,0.7973549904584387,ivy-2.0,7,SVM,True
0.8714285714285714,0.45454545454545453,0.625,0.5263157894736842,0.4617831742117601,0.8780241935483871,0.8926260180497468,0.8714285714285714,0.8799850866836513,ivy-2.0,7,RF,True
0.7142857142857143,0.25,0.75,0.375,0.3081126094208925,0.8165322580645162,0.875776397515528,0.7142857142857143,0.7645502645502645,ivy-2.0,7,KNN,True
0.7857142857142857,0.29411764705882354,0.625,0.4,0.3201183278058515,0.8024193548387097,0.8691929602029491,0.7857142857142857,0.8159006211180124,ivy-2.0,7,NB,True
0.9,0.5454545454545454,0.75,0.631578947368421,0.5851603581614669,0.903225806451613,0.9180277349768876,0.9,0.9066550674206176,ivy-2.0,7,MLP,True
0.7857142857142857,0.1111111111111111,0.125,0.11764705882352941,-0.003832683748485616,0.49798387096774194,0.7967733541504033,0.7857142857142857,0.7911457265833162,ivy-2.0,8,DT,False
0.8571428571428571,0.3333333333333333,0.25,0.2857142857142857,0.21080522784319536,0.6915322580645162,0.8407738095238095,0.8571428571428571,0.8480725623582765,ivy-2.0,8,LR,False
0.9,1.0,0.125,0.2222222222222222,0.33514003129991815,0.657258064516129,0.9101449275362319,0.9,0.863782866836302,ivy-2.0,8,SVM,False
0.8571428571428571,0.25,0.125,0.16666666666666666,0.1050124509677782,0.7429435483870968,0.8203463203463203,0.8571428571428571,0.8355654761904763,ivy-2.0,8,RF,False
0.8714285714285714,0.3333333333333333,0.125,0.18181818181818182,0.14568638422497687,0.7278225806451614,0.831272210376688,0.8714285714285714,0.8446994865599516,ivy-2.0,8,KNN,False
0.8142857142857143,0.3076923076923077,0.5,0.38095238095238093,0.29031048785150704,0.717741935483871,0.8587237324079429,0.8142857142857143,0.8324929971988796,ivy-2.0,8,NB,False
0.8428571428571429,0.3333333333333333,0.375,0.35294117647058826,0.2644551786455075,0.6895161290322581,0.8512099921935987,0.8428571428571429,0.8468401994944319,ivy-2.0,8,MLP,False
0.8857142857142857,0.0,0.0,0.0,0.0,0.5,0.7844897959183673,0.8857142857142857,0.8320346320346321,ivy-2.0,8,Majority,False
0.8,0.25,0.375,0.3,0.19402576001812696,0.6149193548387097,0.8379310344827586,0.8,0.8166666666666667,ivy-2.0,8,DT,True
0.7,0.21739130434782608,0.625,0.3225806451612903,0.22670150475869139,0.655241935483871,0.8540240518038853,0.7,0.7519384433264279,ivy-2.0,8,LR,True
0.7857142857142857,0.26666666666666666,0.5,0.34782608695652173,0.25012215979228897,0.6532258064516129,0.8517748917748917,0.7857142857142857,0.8119127249562031,ivy-2.0,8,SVM,True
0.8714285714285714,0.4444444444444444,0.5,0.47058823529411764,0.3985991098425041,0.8064516129032258,0.8784283112151965,0.8714285714285714,0.8746874359499899,ivy-2.0,8,RF,True
0.7,0.24,0.75,0.36363636363636365,0.2945137539309163,0.6824596774193549,0.8737777777777779,0.7,0.7534409515717927,ivy-2.0,8,KNN,True
0.8285714285714286,0.35714285714285715,0.625,0.45454545454545453,0.38166126680689666,0.7258064516129032,0.8790816326530612,0.8285714285714286,0.8475896984371561,ivy-2.0,8,NB,True
0.7857142857142857,0.26666666666666666,0.5,0.34782608695652173,0.25012215979228897,0.6975806451612903,0.8517748917748917,0.7857142857142857,0.8119127249562031,ivy-2.0,8,MLP,True
0.7857142857142857,0.18181818181818182,0.25,0.21052631578947367,0.0916516223626394,0.5524193548387097,0.816420867268325,0.7857142857142857,0.7999751444727521,ivy-2.0,9,DT,False
0.9285714285714286,1.0,0.375,0.5454545454545454,0.5890797275183847,0.8286290322580646,0.933901918976546,0.9285714285714286,0.913721936977751,ivy-2.0,9,LR,False
0.8857142857142857,0.0,0.0,0.0,0.0,0.9213709677419354,0.7844897959183673,0.8857142857142857,0.8320346320346321,ivy-2.0,9,SVM,False
0.9,0.6666666666666666,0.25,0.36363636363636365,0.3673830558716808,0.8830645161290323,0.882587064676617,0.9,0.8792107117688512,ivy-2.0,9,RF,False
0.9142857142857143,0.75,0.375,0.5,0.49190042821748736,0.6542338709677419,0.9043290043290042,0.9142857142857143,0.9013392857142857,ivy-2.0,9,KNN,False
0.8857142857142857,0.5,0.5,0.5,0.43548387096774194,0.7620967741935484,0.8857142857142857,0.8857142857142857,0.8857142857142857,ivy-2.0,9,NB,False
0.9,0.6,0.375,0.46153846153846156,0.4234151591787102,0.7116935483870968,0.8861538461538462,0.9,0.8896426408237432,ivy-2.0,9,MLP,False
0.8857142857142857,0.0,0.0,0.0,0.0,0.5,0.7844897959183673,0.8857142857142857,0.8320346320346321,ivy-2.0,9,Majority,False
0.8428571428571429,0.36363636363636365,0.5,0.42105263157894735,0.33840599026205315,0.6935483870967741,0.8672243011226062,0.8428571428571429,0.8533151059466848,ivy-2.0,9,DT,True
0.8285714285714286,0.375,0.75,0.5,0.4460516415232829,0.8548387096774193,0.8957671957671958,0.8285714285714286,0.8512315270935961,ivy-2.0,9,LR,True
0.8857142857142857,0.5,0.625,0.5555555555555556,0.4949340131970673,0.8588709677419355,0.8985714285714286,0.8857142857142857,0.8911267239136091,ivy-2.0,9,SVM,True
0.9,0.5714285714285714,0.5,0.5333333333333333,0.4789474720713997,0.8931451612903225,0.8947845804988662,0.9,0.8970666666666667,ivy-2.0,9,RF,True
0.7285714285714285,0.23809523809523808,0.625,0.3448275862068966,0.25475508554262666,0.7620967741935483,0.8586977648202139,0.7285714285714285,0.773514401100608,ivy-2.0,9,KNN,True
0.8285714285714286,0.3333333333333333,0.5,0.4,0.31316438459066104,0.7338709677419354,0.8627257799671593,0.8285714285714286,0.842857142857143,ivy-2.0,9,NB,True
0.8857142857142857,0.5,0.5,0.5,0.43548387096774194,0.6653225806451613,0.8857142857142857,0.8857142857142857,0.8857142857142857,ivy-2.0,9,MLP,True
0.8333333333333334,0.5,0.8333333333333334,0.625,0.5547001962252291,0.8333333333333334,0.8846153846153846,0.8333333333333334,0.8482142857142858,redaktor,0,DT,False
0.9444444444444444,0.8333333333333334,0.8333333333333334,0.8333333333333334,0.8,0.8722222222222222,0.9444444444444444,0.9444444444444444,0.9444444444444444,redaktor,0,LR,False
0.9166666666666666,0.8,0.6666666666666666,0.7272727272727273,0.6825001477017446,0.9333333333333332,0.9129032258064514,0.9166666666666666,0.9135618479880774,redaktor,0,SVM,False
0.8888888888888888,0.625,0.8333333333333334,0.7142857142857143,0.6573757351339166,0.8722222222222222,0.9077380952380953,0.8888888888888888,0.8949096880131362,redaktor,0,RF,False
0.8611111111111112,0.5714285714285714,0.6666666666666666,0.6153846153846154,0.5336000974881928,0.838888888888889,0.8711001642036124,0.8611111111111112,0.8652759669708823,redaktor,0,KNN,False
0.3333333333333333,0.2,1.0,0.3333333333333333,0.2,0.7944444444444444,0.8666666666666667,0.3333333333333333,0.3333333333333333,redaktor,0,NB,False
0.9166666666666666,0.7142857142857143,0.8333333333333334,0.7692307692307693,0.7219295436604961,0.95,0.9236453201970445,0.9166666666666666,0.9191655801825294,redaktor,0,MLP,False
0.8333333333333334,0.0,0.0,0.0,0.0,0.5,0.6944444444444444,0.8333333333333334,0.7575757575757576,redaktor,0,Majority,False
0.9444444444444444,0.8333333333333334,0.8333333333333334,0.8333333333333334,0.8,0.9,0.9444444444444444,0.9444444444444444,0.9444444444444444,redaktor,0,DT,True
0.8055555555555556,0.45454545454545453,0.8333333333333334,0.5882352941176471,0.512391895472064,0.8888888888888891,0.8757575757575756,0.8055555555555556,0.8253119429590018,redaktor,0,LR,True
0.8333333333333334,0.5,0.8333333333333334,0.625,0.5547001962252291,0.9222222222222222,0.8846153846153846,0.8333333333333334,0.8482142857142858,redaktor,0,SVM,True
0.8611111111111112,0.5714285714285714,0.6666666666666666,0.6153846153846154,0.5336000974881928,0.9472222222222222,0.8711001642036124,0.8611111111111112,0.8652759669708823,redaktor,0,RF,True
0.7777777777777778,0.42857142857142855,1.0,0.6,0.5606119105813882,0.9611111111111111,0.9047619047619047,0.7777777777777778,0.805128205128205,redaktor,0,KNN,True
0.3333333333333333,0.2,1.0,0.3333333333333333,0.2,0.7583333333333334,0.8666666666666667,0.3333333333333333,0.3333333333333333,redaktor,0,NB,True
0.8611111111111112,0.5714285714285714,0.6666666666666666,0.6153846153846154,0.5336000974881928,0.9444444444444444,0.8711001642036124,0.8611111111111112,0.8652759669708823,redaktor,0,MLP,True
0.8571428571428571,0.5,0.6,0.5454545454545454,0.46423834544262965,0.7500000000000001,0.8694581280788177,0.8571428571428571,0.862425709883337,redaktor,1,DT,False
0.9428571428571428,1.0,0.6,0.75,0.75,0.8566666666666667,0.9464285714285714,0.9428571428571428,0.9366359447004609,redaktor,1,LR,False
0.9428571428571428,1.0,0.6,0.75,0.75,0.8166666666666667,0.9464285714285714,0.9428571428571428,0.9366359447004609,redaktor,1,SVM,False
0.9428571428571428,1.0,0.6,0.75,0.75,0.7866666666666666,0.9464285714285714,0.9428571428571428,0.9366359447004609,redaktor,1,RF,False
0.9428571428571428,1.0,0.6,0.75,0.75,0.8133333333333334,0.9464285714285714,0.9428571428571428,0.9366359447004609,redaktor,1,KNN,False
0.2857142857142857,0.16666666666666666,1.0,0.2857142857142857,0.16666666666666666,0.85,0.8809523809523809,0.2857142857142857,0.2857142857142857,redaktor,1,NB,False
0.9428571428571428,0.8,0.8,0.8,0.7666666666666667,0.8466666666666667,0.9428571428571428,0.9428571428571428,0.9428571428571428,redaktor,1,MLP,False
0.8571428571428571,0.0,0.0,0.0,0.0,0.5,0.7346938775510203,0.8571428571428571,0.7912087912087913,redaktor,1,Majority,False
0.8857142857142857,0.6,0.6,0.6,0.5333333333333333,0.7666666666666667,0.8857142857142857,0.8857142857142857,0.8857142857142857,redaktor,1,DT,True
0.8,0.4,0.8,0.5333333333333333,0.46475800154489005,0.8933333333333333,0.8799999999999999,0.8,0.8242424242424242,redaktor,1,LR,True
0.7428571428571429,0.3333333333333333,0.8,0.47058823529411764,0.3931785497463923,0.81,0.8674948240165632,0.7428571428571429,0.7788171872522593,redaktor,1,SVM,True
0.8285714285714286,0.42857142857142855,0.6,0.5,0.408248290463863,0.77,0.8571428571428571,0.8285714285714286,0.8399014778325123,redaktor,1,RF,True
0.6285714285714286,0.25,0.8,0.38095238095238093,0.2809757434745082,0.7533333333333334,0.8477443609022556,0.6285714285714286,0.6841593780369291,redaktor,1,KNN,True
0.3142857142857143,0.1724137931034483,1.0,0.29411764705882354,0.18569533817705186,0.8766666666666667,0.8817733990147784,0.3142857142857143,0.3277310924369748,redaktor,1,NB,True
0.8857142857142857,0.5714285714285714,0.8,0.6666666666666666,0.6123724356957945,0.8833333333333333,0.9081632653061226,0.8857142857142857,0.8932676518883415,redaktor,1,MLP,True
0.8285714285714286,0.4444444444444444,0.8,0.5714285714285714,0.5070724870494426,0.8133333333333335,0.8876678876678876,0.8285714285714286,0.8469387755102041,redaktor,2,DT,False
0.8571428571428571,0.5,0.4,0.4444444444444444,0.3666177875533832,0.84,0.8456221198156683,0.8571428571428571,0.8503773093937029,redaktor,2,LR,False
0.9142857142857143,1.0,0.4,0.5714285714285714,0.6030226891555273,0.7733333333333334,0.922077922077922,0.9142857142857143,0.8979591836734694,redaktor,2,SVM,False
0.9428571428571428,1.0,0.6,0.75,0.75,0.8733333333333333,0.9464285714285714,0.9428571428571428,0.9366359447004609,redaktor,2,RF,False
0.8857142857142857,0.6666666666666666,0.4,0.5,0.4583333333333333,0.6333333333333333,0.8720238095238095,0.8857142857142857,0.8732718894009216,redaktor,2,KNN,False
0.34285714285714286,0.15384615384615385,0.8,0.25806451612903225,0.05337605126836238,0.6933333333333334,0.7838827838827839,0.34285714285714286,0.38851471109535624,redaktor,2,NB,False
0.9142857142857143,1.0,0.4,0.5714285714285714,0.6030226891555273,0.68,0.922077922077922,0.9142857142857143,0.8979591836734694,redaktor,2,MLP,False
0.8571428571428571,0.0,0.0,0.0,0.0,0.5,0.7346938775510203,0.8571428571428571,0.7912087912087913,redaktor,2,Majority,False
0.8571428571428571,0.5,0.6,0.5454545454545454,0.46423834544262965,0.7500000000000001,0.8694581280788177,0.8571428571428571,0.862425709883337,redaktor,2,DT,True
0.8285714285714286,0.4444444444444444,0.8,0.5714285714285714,0.5070724870494426,0.8133333333333334,0.8876678876678876,0.8285714285714286,0.8469387755102041,redaktor,2,LR,True
0.8285714285714286,0.42857142857142855,0.6,0.5,0.408248290463863,0.7466666666666667,0.8571428571428571,0.8285714285714286,0.8399014778325123,redaktor,2,SVM,True
0.8857142857142857,0.6,0.6,0.6,0.5333333333333333,0.8666666666666667,0.8857142857142857,0.8857142857142857,0.8857142857142857,redaktor,2,RF,True
0.7428571428571429,0.3,0.6,0.4,0.28401877872187725,0.7,0.8314285714285715,0.7428571428571429,0.774025974025974,redaktor,2,KNN,True
0.4,0.13636363636363635,0.6,0.2222222222222222,-0.02414022747926338,0.6066666666666667,0.7447552447552448,0.4,0.47028423772609823,redaktor,2,NB,True
0.8285714285714286,0.4,0.4,0.4,0.3,0.6933333333333334,0.8285714285714286,0.8285714285714286,0.8285714285714286,redaktor,2,MLP,True
0.8285714285714286,0.42857142857142855,0.6,0.5,0.408248290463863,0.7333333333333334,0.8571428571428571,0.8285714285714286,0.8399014778325123,redaktor,3,DT,False
0.9714285714285714,1.0,0.8,0.8888888888888888,0.8798826901281197,0.98,0.9723502304147466,0.9714285714285714,0.9700754618787406,redaktor,3,LR,False
0.9428571428571428,1.0,0.6,0.75,0.75,0.9600000000000001,0.9464285714285714,0.9428571428571428,0.9366359447004609,redaktor,3,SVM,False
0.9142857142857143,0.75,0.6,0.6666666666666666,0.6232502388407515,0.8166666666666668,0.9089861751152073,0.9142857142857143,0.9102263856362216,redaktor,3,RF,False
0.9428571428571428,1.0,0.6,0.75,0.75,0.9800000000000001,0.9464285714285714,0.9428571428571428,0.9366359447004609,redaktor,3,KNN,False
0.2857142857142857,0.16666666666666666,1.0,0.2857142857142857,0.16666666666666666,0.9933333333333333,0.8809523809523809,0.2857142857142857,0.2857142857142857,redaktor,3,NB,False
0.9428571428571428,0.8,0.8,0.8,0.7666666666666667,0.98,0.9428571428571428,0.9428571428571428,0.9428571428571428,redaktor,3,MLP,False
0.8571428571428571,0.0,0.0,0.0,0.0,0.5,0.7346938775510203,0.8571428571428571,0.7912087912087913,redaktor,3,Majority,False
0.9142857142857143,0.6666666666666666,0.8,0.7272727272727273,0.6808829066491902,0.8666666666666667,0.9228243021346471,0.9142857142857143,0.9174554259300022,redaktor,3,DT,True
0.8285714285714286,0.45454545454545453,1.0,0.625,0.6030226891555273,0.9533333333333334,0.922077922077922,0.8285714285714286,0.8511904761904762,redaktor,3,LR,True
0.8857142857142857,0.5714285714285714,0.8,0.6666666666666666,0.6123724356957945,0.98,0.9081632653061226,0.8857142857142857,0.8932676518883415,redaktor,3,SVM,True
0.8857142857142857,0.6,0.6,0.6,0.5333333333333333,0.9,0.8857142857142857,0.8857142857142857,0.8857142857142857,redaktor,3,RF,True
0.8285714285714286,0.4444444444444444,0.8,0.5714285714285714,0.5070724870494426,0.9266666666666667,0.8876678876678876,0.8285714285714286,0.8469387755102041,redaktor,3,KNN,True
0.34285714285714286,0.17857142857142858,1.0,0.30303030303030304,0.2041241452319315,0.8666666666666667,0.8826530612244898,0.34285714285714286,0.36761436761436767,redaktor,3,NB,True
0.9142857142857143,0.6666666666666666,0.8,0.7272727272727273,0.6808829066491902,0.9866666666666667,0.9228243021346471,0.9142857142857143,0.9174554259300022,redaktor,3,MLP,True
0.7714285714285715,0.0,0.0,0.0,-0.11197850219117085,0.46551724137931033,0.677922077922078,0.7714285714285715,0.7216589861751151,redaktor,4,DT,False
0.8,0.0,0.0,0.0,-0.07800764512385157,0.5747126436781608,0.6823529411764706,0.8,0.7365079365079364,redaktor,4,LR,False
0.8,0.0,0.0,0.0,-0.07800764512385157,0.12643678160919536,0.6823529411764706,0.8,0.7365079365079364,redaktor,4,SVM,False
0.8,0.0,0.0,0.0,-0.07800764512385157,0.48563218390804597,0.6823529411764706,0.8,0.7365079365079364,redaktor,4,RF,False
0.8,0.0,0.0,0.0,-0.07800764512385157,0.3275862068965517,0.6823529411764706,0.8,0.7365079365079364,redaktor,4,KNN,False
0.22857142857142856,0.18181818181818182,1.0,0.3076923076923077,0.11197850219117085,0.6264367816091954,0.8597402597402597,0.22857142857142856,0.15965969514356612,redaktor,4,NB,False
0.7714285714285715,0.0,0.0,0.0,-0.11197850219117085,0.6206896551724137,0.677922077922078,0.7714285714285715,0.7216589861751151,redaktor,4,MLP,False
0.8285714285714286,0.0,0.0,0.0,0.0,0.5,0.686530612244898,0.8285714285714286,0.7508928571428571,redaktor,4,Majority,False
0.7714285714285715,0.25,0.16666666666666666,0.2,0.07488713544559286,0.5316091954022989,0.7377880184331798,0.7714285714285715,0.7523809523809524,redaktor,4,DT,True
0.6857142857142857,0.0,0.0,0.0,-0.18569533817705186,0.6091954022988506,0.6628571428571429,0.6857142857142857,0.6740920096852301,redaktor,4,LR,True
0.7714285714285715,0.0,0.0,0.0,-0.11197850219117085,0.5459770114942528,0.677922077922078,0.7714285714285715,0.7216589861751151,redaktor,4,SVM,True
0.8,0.0,0.0,0.0,-0.07800764512385157,0.5459770114942529,0.6823529411764706,0.8,0.7365079365079364,redaktor,4,RF,True
0.6857142857142857,0.0,0.0,0.0,-0.18569533817705186,0.4568965517241379,0.6628571428571429,0.6857142857142857,0.6740920096852301,redaktor,4,KNN,True
0.3142857142857143,0.2,1.0,0.3333333333333333,0.18569533817705186,0.6206896551724137,0.8628571428571429,0.3142857142857143,0.30084033613445377,redaktor,4,NB,True
0.7714285714285715,0.0,0.0,0.0,-0.11197850219117085,0.5862068965517242,0.677922077922078,0.7714285714285715,0.7216589861751151,redaktor,4,MLP,True
0.8888888888888888,0.75,0.5,0.6,0.5533985905294664,0.7333333333333333,0.8802083333333334,0.8888888888888888,0.8795698924731182,redaktor,5,DT,False
0.8888888888888888,1.0,0.3333333333333333,0.5,0.5423261445466404,0.7388888888888889,0.9019607843137254,0.8888888888888888,0.8645833333333334,redaktor,5,LR,False
0.8888888888888888,1.0,0.3333333333333333,0.5,0.5423261445466404,0.5277777777777778,0.9019607843137254,0.8888888888888888,0.8645833333333334,redaktor,5,SVM,False
0.9166666666666666,1.0,0.5,0.6666666666666666,0.6741998624632421,0.7472222222222222,0.9242424242424243,0.9166666666666666,0.9047619047619047,redaktor,5,RF,False
0.8888888888888888,1.0,0.3333333333333333,0.5,0.5423261445466404,0.6888888888888889,0.9019607843137254,0.8888888888888888,0.8645833333333334,redaktor,5,KNN,False
0.3055555555555556,0.1724137931034483,0.8333333333333334,0.2857142857142857,0.03138824102871722,0.6833333333333333,0.7430213464696223,0.3055555555555556,0.31788931788931785,redaktor,5,NB,False
0.9166666666666666,1.0,0.5,0.6666666666666666,0.6741998624632421,0.6888888888888889,0.9242424242424243,0.9166666666666666,0.9047619047619047,redaktor,5,MLP,False
0.8333333333333334,0.0,0.0,0.0,0.0,0.5,0.6944444444444444,0.8333333333333334,0.7575757575757576,redaktor,5,Majority,False
0.8055555555555556,0.42857142857142855,0.5,0.46153846153846156,0.34527065131588947,0.6833333333333333,0.8185550082101807,0.8055555555555556,0.8113863537592352,redaktor,5,DT,True
0.7777777777777778,0.4,0.6666666666666666,0.5,0.3882901373576604,0.7333333333333333,0.8358974358974359,0.7777777777777778,0.7976190476190476,redaktor,5,LR,True
0.7777777777777778,0.375,0.5,0.42857142857142855,0.29880715233359845,0.6333333333333333,0.8065476190476191,0.7777777777777778,0.7898193760262724,redaktor,5,SVM,True
0.8888888888888888,0.75,0.5,0.6,0.5533985905294664,0.7,0.8802083333333334,0.8888888888888888,0.8795698924731182,redaktor,5,RF,True
0.6944444444444444,0.3076923076923077,0.6666666666666666,0.42105263157894735,0.28449333006152944,0.6833333333333333,0.8121516164994426,0.6944444444444444,0.7305527970870573,redaktor,5,KNN,True
0.3055555555555556,0.1724137931034483,0.8333333333333334,0.2857142857142857,0.03138824102871722,0.7000000000000001,0.7430213464696223,0.3055555555555556,0.31788931788931785,redaktor,5,NB,True
0.8611111111111112,0.6,0.5,0.5454545454545454,0.46697378526961475,0.6555555555555557,0.8526881720430107,0.8611111111111112,0.8559364133134626,redaktor,5,MLP,True
0.8571428571428571,0.5,0.8,0.6153846153846154,0.5555555555555556,0.8266666666666668,0.8968253968253967,0.8571428571428571,0.869866975130133,redaktor,6,DT,False
0.9428571428571428,0.8,0.8,0.8,0.7666666666666667,0.8200000000000001,0.9428571428571428,0.9428571428571428,0.9428571428571428,redaktor,6,LR,False
0.9428571428571428,0.8,0.8,0.8,0.7666666666666667,0.9066666666666666,0.9428571428571428,0.9428571428571428,0.9428571428571428,redaktor,6,SVM,False
0.9428571428571428,0.8,0.8,0.8,0.7666666666666667,0.9333333333333333,0.9428571428571428,0.9428571428571428,0.9428571428571428,redaktor,6,RF,False
0.9142857142857143,0.6666666666666666,0.8,0.7272727272727273,0.6808829066491902,0.8466666666666668,0.9228243021346471,0.9142857142857143,0.9174554259300022,redaktor,6,KNN,False
0.2571428571428571,0.16129032258064516,1.0,0.2777777777777778,0.14664711502135327,0.8,0.880184331797235,0.2571428571428571,0.24136321195144725,redaktor,6,NB,False
0.9142857142857143,0.6666666666666666,0.8,0.7272727272727273,0.6808829066491902,0.9,0.9228243021346471,0.9142857142857143,0.9174554259300022,redaktor,6,MLP,False
0.8571428571428571,0.0,0.0,0.0,0.0,0.5,0.7346938775510203,0.8571428571428571,0.7912087912087913,redaktor,6,Majority,False
0.8285714285714286,0.45454545454545453,1.0,0.625,0.6030226891555273,0.9,0.922077922077922,0.8285714285714286,0.8511904761904762,redaktor,6,DT,True
0.8,0.4,0.8,0.5333333333333333,0.46475800154489005,0.8466666666666667,0.8799999999999999,0.8,0.8242424242424242,redaktor,6,LR,True
0.8571428571428571,0.5,0.8,0.6153846153846154,0.5555555555555556,0.9066666666666667,0.8968253968253967,0.8571428571428571,0.869866975130133,redaktor,6,SVM,True
0.8285714285714286,0.4444444444444444,0.8,0.5714285714285714,0.5070724870494426,0.9433333333333334,0.8876678876678876,0.8285714285714286,0.8469387755102041,redaktor,6,RF,True
0.7714285714285715,0.36363636363636365,0.8,0.5,0.4271410714851651,0.8466666666666667,0.8733766233766235,0.7714285714285715,0.8015873015873016,redaktor,6,KNN,True
0.2571428571428571,0.16129032258064516,1.0,0.2777777777777778,0.14664711502135327,0.8133333333333334,0.880184331797235,0.2571428571428571,0.24136321195144725,redaktor,6,NB,True
0.8571428571428571,0.5,0.8,0.6153846153846154,0.5555555555555556,0.88,0.8968253968253967,0.8571428571428571,0.869866975130133,redaktor,6,MLP,True
0.8857142857142857,0.6666666666666666,0.4,0.5,0.4583333333333333,0.6833333333333333,0.8720238095238095,0.8857142857142857,0.8732718894009216,redaktor,7,DT,False
0.8285714285714286,0.0,0.0,0.0,-0.0700140042014005,0.6333333333333333,0.7310924369747899,0.8285714285714286,0.7767857142857143,redaktor,7,LR,False
0.8571428571428571,0.0,0.0,0.0,0.0,0.6666666666666667,0.7346938775510203,0.8571428571428571,0.7912087912087913,redaktor,7,SVM,False
0.8857142857142857,1.0,0.2,0.3333333333333333,0.420084025208403,0.6566666666666667,0.8991596638655461,0.8857142857142857,0.8511904761904763,redaktor,7,RF,False
0.8571428571428571,0.0,0.0,0.0,0.0,0.6833333333333335,0.7346938775510203,0.8571428571428571,0.7912087912087913,redaktor,7,KNN,False
0.2857142857142857,0.16666666666666666,1.0,0.2857142857142857,0.16666666666666666,0.6799999999999999,0.8809523809523809,0.2857142857142857,0.2857142857142857,redaktor,7,NB,False
0.8857142857142857,0.6666666666666666,0.4,0.5,0.4583333333333333,0.76,0.8720238095238095,0.8857142857142857,0.8732718894009216,redaktor,7,MLP,False
0.8571428571428571,0.0,0.0,0.0,0.0,0.5,0.7346938775510203,0.8571428571428571,0.7912087912087913,redaktor,7,Majority,False
0.8857142857142857,0.6666666666666666,0.4,0.5,0.4583333333333333,0.6833333333333333,0.8720238095238095,0.8857142857142857,0.8732718894009216,redaktor,7,DT,True
0.8285714285714286,0.4,0.4,0.4,0.3,0.6933333333333334,0.8285714285714286,0.8285714285714286,0.8285714285714286,redaktor,7,LR,True
0.8857142857142857,0.6,0.6,0.6,0.5333333333333333,0.7866666666666667,0.8857142857142857,0.8857142857142857,0.8857142857142857,redaktor,7,SVM,True
0.8571428571428571,0.5,0.2,0.2857142857142857,0.251259453814803,0.7766666666666668,0.8246753246753247,0.8571428571428571,0.8299319727891156,redaktor,7,RF,True
0.6857142857142857,0.25,0.6,0.35294117647058826,0.2211629342323457,0.7533333333333334,0.8183229813664596,0.6857142857142857,0.7296654510860948,redaktor,7,KNN,True
0.3142857142857143,0.1724137931034483,1.0,0.29411764705882354,0.18569533817705186,0.6466666666666667,0.8817733990147784,0.3142857142857143,0.3277310924369748,redaktor,7,NB,True
0.8857142857142857,0.6,0.6,0.6,0.5333333333333333,0.8200000000000001,0.8857142857142857,0.8857142857142857,0.8857142857142857,redaktor,7,MLP,True
0.7714285714285715,0.36363636363636365,0.8,0.5,0.4271410714851651,0.7833333333333333,0.8733766233766235,0.7714285714285715,0.8015873015873016,redaktor,8,DT,False
0.8571428571428571,0.5,0.6,0.5454545454545454,0.46423834544262965,0.8266666666666667,0.8694581280788177,0.8571428571428571,0.862425709883337,redaktor,8,LR,False
0.9142857142857143,0.75,0.6,0.6666666666666666,0.6232502388407515,0.6933333333333332,0.9089861751152073,0.9142857142857143,0.9102263856362216,redaktor,8,SVM,False
0.8857142857142857,0.6,0.6,0.6,0.5333333333333333,0.8966666666666667,0.8857142857142857,0.8857142857142857,0.8857142857142857,redaktor,8,RF,False
0.9142857142857143,0.75,0.6,0.6666666666666666,0.6232502388407515,0.7899999999999999,0.9089861751152073,0.9142857142857143,0.9102263856362216,redaktor,8,KNN,False
0.37142857142857144,0.18518518518518517,1.0,0.3125,0.2222222222222222,0.8866666666666666,0.8835978835978836,0.37142857142857144,0.4055451127819549,redaktor,8,NB,False
0.8857142857142857,0.6,0.6,0.6,0.5333333333333333,0.9066666666666666,0.8857142857142857,0.8857142857142857,0.8857142857142857,redaktor,8,MLP,False
0.8571428571428571,0.0,0.0,0.0,0.0,0.5,0.7346938775510203,0.8571428571428571,0.7912087912087913,redaktor,8,Majority,False
0.8285714285714286,0.42857142857142855,0.6,0.5,0.408248290463863,0.7333333333333334,0.8571428571428571,0.8285714285714286,0.8399014778325123,redaktor,8,DT,True
0.7714285714285715,0.3333333333333333,0.6,0.42857142857142855,0.32025630761017426,0.8133333333333335,0.8388278388278388,0.7714285714285715,0.7959183673469387,redaktor,8,LR,True
0.8285714285714286,0.4444444444444444,0.8,0.5714285714285714,0.5070724870494426,0.9533333333333334,0.8876678876678876,0.8285714285714286,0.8469387755102041,redaktor,8,SVM,True
0.8857142857142857,0.5714285714285714,0.8,0.6666666666666666,0.6123724356957945,0.9666666666666666,0.9081632653061226,0.8857142857142857,0.8932676518883415,redaktor,8,RF,True
0.7142857142857143,0.3333333333333333,1.0,0.5,0.4714045207910317,0.9466666666666668,0.9047619047619048,0.7142857142857143,0.7571428571428571,redaktor,8,KNN,True
0.4,0.19230769230769232,1.0,0.3225806451612903,0.2401922307076307,0.8666666666666667,0.8846153846153846,0.4,0.44168734491315137,redaktor,8,NB,True
0.8285714285714286,0.4444444444444444,0.8,0.5714285714285714,0.5070724870494426,0.9400000000000001,0.8876678876678876,0.8285714285714286,0.8469387755102041,redaktor,8,MLP,True
0.9142857142857143,1.0,0.5,0.6666666666666666,0.6731456008918131,0.7413793103448276,0.9223214285714286,0.9142857142857143,0.9021077283372365,redaktor,9,DT,False
0.9428571428571428,1.0,0.6666666666666666,0.8,0.7897188828807974,0.9770114942528736,0.9465437788018433,0.9428571428571428,0.9380952380952382,redaktor,9,LR,False
0.9142857142857143,1.0,0.5,0.6666666666666666,0.6731456008918131,0.810344827586207,0.9223214285714286,0.9142857142857143,0.9021077283372365,redaktor,9,SVM,False
0.8857142857142857,1.0,0.3333333333333333,0.5,0.5412294272573258,0.7586206896551724,0.8995670995670996,0.8857142857142857,0.8608294930875576,redaktor,9,RF,False
0.9142857142857143,1.0,0.5,0.6666666666666666,0.6731456008918131,0.7356321839080459,0.9223214285714286,0.9142857142857143,0.9021077283372365,redaktor,9,KNN,False
0.2571428571428571,0.1875,1.0,0.3157894736842105,0.13927150363278892,0.9022988505747127,0.8607142857142858,0.2571428571428571,0.2094924812030075,redaktor,9,NB,False
0.8571428571428571,0.6,0.5,0.5454545454545454,0.46423834544262965,0.810344827586207,0.8485714285714286,0.8571428571428571,0.8518600044023773,redaktor,9,MLP,False
0.8285714285714286,0.0,0.0,0.0,0.0,0.5,0.686530612244898,0.8285714285714286,0.7508928571428571,redaktor,9,Majority,False
0.8285714285714286,0.5,0.5,0.5,0.39655172413793105,0.6982758620689655,0.8285714285714286,0.8285714285714286,0.8285714285714286,redaktor,9,DT,True
0.8571428571428571,0.5555555555555556,0.8333333333333334,0.6666666666666666,0.5996568753954697,0.8908045977011494,0.891941391941392,0.8571428571428571,0.8675324675324675,redaktor,9,LR,True
0.8285714285714286,0.5,0.5,0.5,0.39655172413793105,0.7758620689655173,0.8285714285714286,0.8285714285714286,0.8285714285714286,redaktor,9,SVM,True
0.9142857142857143,1.0,0.5,0.6666666666666666,0.6731456008918131,0.764367816091954,0.9223214285714286,0.9142857142857143,0.9021077283372365,redaktor,9,RF,True
0.7714285714285715,0.4,0.6666666666666666,0.5,0.3835706411883073,0.7011494252873564,0.8308571428571428,0.7714285714285715,0.7915343915343915,redaktor,9,KNN,True
0.2571428571428571,0.1875,1.0,0.3157894736842105,0.13927150363278892,0.8275862068965517,0.8607142857142858,0.2571428571428571,0.2094924812030075,redaktor,9,NB,True
0.8285714285714286,0.5,0.6666666666666666,0.5714285714285714,0.47455475311913253,0.7471264367816092,0.8529100529100528,0.8285714285714286,0.8377551020408164,redaktor,9,MLP,True
0.7785234899328859,0.5,0.6363636363636364,0.56,0.4202375816087108,0.7276645768025078,0.8019506993664931,0.7785234899328859,0.7873428236073073,ant-1.7,0,DT,False
0.8456375838926175,0.7083333333333334,0.5151515151515151,0.5964912280701754,0.5137504073157191,0.820271682340648,0.835751677852349,0.8456375838926175,0.8363333631357627,ant-1.7,0,LR,False
0.8389261744966443,0.8,0.36363636363636365,0.5,0.46613802485276185,0.8521421107628003,0.8336972853851548,0.8389261744966443,0.8145234899328859,ant-1.7,0,SVM,False
0.8590604026845637,0.75,0.5454545454545454,0.631578947368421,0.5577187075397525,0.8768286311389759,0.8512080536912752,0.8590604026845637,0.850565244602218,ant-1.7,0,RF,False
0.8187919463087249,0.65,0.3939393939393939,0.49056603773584906,0.40634514925476334,0.8397335423197492,0.8017819052078455,0.8187919463087249,0.8013758776905723,ant-1.7,0,KNN,False
0.8456375838926175,0.6785714285714286,0.5757575757575758,0.6229508196721312,0.5295329970158266,0.7979362591431557,0.8387340237553783,0.8456375838926175,0.8409395508921852,ant-1.7,0,NB,False
0.8322147651006712,0.625,0.6060606060606061,0.6153846153846154,0.5082193344488003,0.8189655172413793,0.8304436987322893,0.8322147651006712,0.8312841635997439,ant-1.7,0,MLP,False
0.7785234899328859,0.0,0.0,0.0,0.0,0.5,0.6060988243772802,0.7785234899328859,0.6815752817525642,ant-1.7,0,Majority,False
0.738255033557047,0.4318181818181818,0.5757575757575758,0.4935064935064935,0.32791200286818983,0.6801201671891327,0.7703579418344519,0.738255033557047,0.7504370875867125,ant-1.7,0,DT,True
0.7248322147651006,0.43103448275862066,0.7575757575757576,0.5494505494505495,0.40290048744893714,0.8166144200626959,0.8055458774042434,0.7248322147651006,0.7460135753103364,ant-1.7,0,LR,True
0.7583892617449665,0.4716981132075472,0.7575757575757576,0.5813953488372093,0.44774157680596444,0.81478578892372,0.8181165843569287,0.7583892617449665,0.7750868006985284,ant-1.7,0,SVM,True
0.8389261744966443,0.6285714285714286,0.6666666666666666,0.6470588235294118,0.543222289698352,0.8713427377220481,0.8426166086356832,0.8389261744966443,0.8405945862441855,ant-1.7,0,RF,True
0.7651006711409396,0.48148148148148145,0.7878787878787878,0.5977011494252874,0.4720815560014741,0.8326802507836992,0.8277954393814513,0.7651006711409396,0.7817612870462888,ant-1.7,0,KNN,True
0.8120805369127517,0.5757575757575758,0.5757575757575758,0.5757575757575758,0.455067920585162,0.7920585161964473,0.8120805369127517,0.8120805369127517,0.8120805369127517,ant-1.7,0,NB,True
0.8120805369127517,0.5806451612903226,0.5454545454545454,0.5625,0.4433416884113541,0.7604493207941483,0.8081579034276258,0.8120805369127517,0.8099473699305914,ant-1.7,0,MLP,True
0.7583892617449665,0.4594594594594595,0.5151515151515151,0.4857142857142857,0.32941092390420035,0.6713688610240334,0.7690653261123059,0.7583892617449665,0.7631730332542765,ant-1.7,1,DT,False
0.8187919463087249,0.65,0.3939393939393939,0.49056603773584906,0.40634514925476334,0.8166144200626959,0.8017819052078455,0.8187919463087249,0.8013758776905723,ant-1.7,1,LR,False
0.7919463087248322,0.5714285714285714,0.24242424242424243,0.3404255319148936,0.2713975941610836,0.7931034482758621,0.7609104790312844,0.7919463087248322,0.7577674451416098,ant-1.7,1,SVM,False
0.8187919463087249,0.6363636363636364,0.42424242424242425,0.509090909090909,0.4158529081334957,0.8252351097178683,0.8029910690693866,0.8187919463087249,0.804772557792692,ant-1.7,1,RF,False
0.7919463087248322,0.55,0.3333333333333333,0.41509433962264153,0.3115206743307857,0.7959770114942529,0.7675641225742679,0.7919463087248322,0.7719500817928793,ant-1.7,1,KNN,False
0.8187919463087249,0.5882352941176471,0.6060606060606061,0.5970149253731343,0.480254415405721,0.8116509926854754,0.8207967867625603,0.8187919463087249,0.8197520199924286,ant-1.7,1,NB,False
0.7919463087248322,0.5416666666666666,0.3939393939393939,0.45614035087719296,0.33787720641958546,0.7246603970741902,0.7739261744966442,0.7919463087248322,0.7794058372699411,ant-1.7,1,MLP,False
0.7785234899328859,0.0,0.0,0.0,0.0,0.5,0.6060988243772802,0.7785234899328859,0.6815752817525642,ant-1.7,1,Majority,False
0.697986577181208,0.35714285714285715,0.45454545454545453,0.4,0.20469403716913107,0.6108934169278997,0.726655675128359,0.697986577181208,0.7100129412826918,ant-1.7,1,DT,True
0.8322147651006712,0.6052631578947368,0.696969696969697,0.647887323943662,0.5407798164789894,0.7884012539184952,0.8424378104703079,0.8322147651006712,0.836274840897081,ant-1.7,1,LR,True
0.785234899328859,0.5106382978723404,0.7272727272727273,0.6,0.4727048390263057,0.8045977011494253,0.8229246289405381,0.785234899328859,0.7971307185518133,ant-1.7,1,SVM,True
0.825503355704698,0.5897435897435898,0.696969696969697,0.6388888888888888,0.5280793226692184,0.8150470219435737,0.8383629793025766,0.825503355704698,0.830457722080339,ant-1.7,1,RF,True
0.7181208053691275,0.41509433962264153,0.6666666666666666,0.5116279069767442,0.3464559063442913,0.7813479623824451,0.7812513190663121,0.7181208053691275,0.7376012674816166,ant-1.7,1,KNN,True
0.8120805369127517,0.5581395348837209,0.7272727272727273,0.631578947368421,0.516389044798428,0.8069487983281087,0.8360372352173773,0.8120805369127517,0.8202112391444782,ant-1.7,1,NB,True
0.7583892617449665,0.45454545454545453,0.45454545454545453,0.45454545454545453,0.2993730407523511,0.7332810867293627,0.7583892617449665,0.7583892617449665,0.7583892617449665,ant-1.7,1,MLP,True
0.825503355704698,0.64,0.48484848484848486,0.5517241379310345,0.4525632699759349,0.7036311389759665,0.8135353972721369,0.825503355704698,0.8163773817789093,ant-1.7,2,DT,False
0.8053691275167785,0.6428571428571429,0.2727272727272727,0.3829787234042553,0.3267924455720445,0.8017241379310345,0.7824970704165335,0.8053691275167785,0.7733953519066672,ant-1.7,2,LR,False
0.7718120805369127,0.45454545454545453,0.15151515151515152,0.22727272727272727,0.15846797656808811,0.6734587251828631,0.7212333430600136,0.7718120805369127,0.7246472546636369,ant-1.7,2,SVM,False
0.7919463087248322,0.55,0.3333333333333333,0.41509433962264153,0.3115206743307857,0.8454806687565308,0.7675641225742679,0.7919463087248322,0.7719500817928793,ant-1.7,2,RF,False
0.7583892617449665,0.4117647058823529,0.21212121212121213,0.28,0.16445597141782098,0.7388975966562175,0.7163741640646496,0.7583892617449665,0.7275254384065815,ant-1.7,2,KNN,False
0.7919463087248322,0.5454545454545454,0.36363636363636365,0.43636363636363634,0.324732197380715,0.8189655172413793,0.7705966284415791,0.7919463087248322,0.7758499737619797,ant-1.7,2,NB,False
0.7785234899328859,0.5,0.30303030303030304,0.37735849056603776,0.26410843686879687,0.7661964472309301,0.7504552312574788,0.7785234899328859,0.7572371838440327,ant-1.7,2,MLP,False
0.7785234899328859,0.0,0.0,0.0,0.0,0.5,0.6060988243772802,0.7785234899328859,0.6815752817525642,ant-1.7,2,Majority,False
0.8053691275167785,0.5555555555555556,0.6060606060606061,0.5797101449275363,0.45411052595222384,0.7340647857889236,0.8120013462414128,0.8053691275167785,0.8083253587297381,ant-1.7,2,DT,True
0.785234899328859,0.5135135135135135,0.5757575757575758,0.5428571428571428,0.4042313929007336,0.7993730407523512,0.7949392345365499,0.785234899328859,0.7894871406704681,ant-1.7,2,LR,True
0.738255033557047,0.425,0.5151515151515151,0.4657534246575342,0.2969146261585396,0.7920585161964472,0.7583723292900684,0.738255033557047,0.7467328613894763,ant-1.7,2,SVM,True
0.825503355704698,0.6206896551724138,0.5454545454545454,0.5806451612903226,0.4726215420829445,0.8431295715778475,0.8186762323536219,0.825503355704698,0.8213532168163188,ant-1.7,2,RF,True
0.7248322147651006,0.42,0.6363636363636364,0.5060240963855421,0.3397657595312722,0.7515673981191223,0.7771771405328453,0.7248322147651006,0.7421333217997634,ant-1.7,2,KNN,True
0.7919463087248322,0.5333333333333333,0.48484848484848486,0.5079365079365079,0.37708799044809177,0.8125653082549634,0.7854266538830296,0.7919463087248322,0.7883206516934919,ant-1.7,2,NB,True
0.7785234899328859,0.5,0.45454545454545453,0.47619047619047616,0.33678231571583517,0.7377220480668756,0.7715018893463425,0.7785234899328859,0.7746639195446848,ant-1.7,2,MLP,True
0.7651006711409396,0.4666666666666667,0.42424242424242425,0.4444444444444444,0.2964766409835786,0.6431556948798328,0.7575771248096554,0.7651006711409396,0.761007187395878,ant-1.7,3,DT,False
0.8187919463087249,0.6666666666666666,0.36363636363636365,0.47058823529411764,0.3974170194096359,0.7842215256008359,0.8013730211588709,0.8187919463087249,0.797645971955611,ant-1.7,3,LR,False
0.7986577181208053,0.6,0.2727272727272727,0.375,0.30499054062292075,0.7351097178683386,0.7719723530001001,0.7986577181208053,0.7681543624161074,ant-1.7,3,SVM,False
0.8187919463087249,0.625,0.45454545454545453,0.5263157894736842,0.4258138068676523,0.8335945663531871,0.8048389261744966,0.8187919463087249,0.8078696002028518,ant-1.7,3,RF,False
0.8322147651006712,0.7,0.42424242424242425,0.5283018867924528,0.45375738671675214,0.7889237199582029,0.8188907965246344,0.8322147651006712,0.8160887756394187,ant-1.7,3,KNN,False
0.8120805369127517,0.5806451612903226,0.5454545454545454,0.5625,0.4433416884113541,0.8162225705329154,0.8081579034276258,0.8120805369127517,0.8099473699305914,ant-1.7,3,NB,False
0.7986577181208053,0.5555555555555556,0.45454545454545453,0.5,0.3784874701664541,0.7654127481713688,0.7867018740602193,0.7986577181208053,0.7911285319496926,ant-1.7,3,MLP,False
0.7785234899328859,0.0,0.0,0.0,0.0,0.5,0.6060988243772802,0.7785234899328859,0.6815752817525642,ant-1.7,3,Majority,False
0.7181208053691275,0.3953488372093023,0.5151515151515151,0.4473684210526316,0.2666932758022479,0.6455067920585162,0.7485709910445827,0.7181208053691275,0.7303168587167176,ant-1.7,3,DT,True
0.785234899328859,0.5128205128205128,0.6060606060606061,0.5555555555555556,0.41777490340139567,0.7633228840125392,0.800093865865678,0.785234899328859,0.7913325810219556,ant-1.7,3,LR,True
0.7785234899328859,0.5,0.6060606060606061,0.547945205479452,0.4063299912804416,0.7803030303030304,0.7964103195616035,0.7785234899328859,0.7856970365603262,ant-1.7,3,SVM,True
0.8389261744966443,0.6451612903225806,0.6060606060606061,0.625,0.5229775070651115,0.8288923719958203,0.8356420239174228,0.8389261744966443,0.8370977456547927,ant-1.7,3,RF,True
0.7315436241610739,0.43636363636363634,0.7272727272727273,0.5454545454545454,0.3958476945063436,0.7575757575757577,0.8006283021562187,0.7315436241610739,0.7510386705017578,ant-1.7,3,KNN,True
0.7785234899328859,0.5,0.6060606060606061,0.547945205479452,0.4063299912804416,0.8132183908045977,0.7964103195616035,0.7785234899328859,0.7856970365603262,ant-1.7,3,NB,True
0.7785234899328859,0.5,0.48484848484848486,0.49230769230769234,0.3507875655654921,0.7283176593521421,0.7761429472838868,0.7785234899328859,0.7772950959516619,ant-1.7,3,MLP,True
0.7248322147651006,0.40540540540540543,0.4411764705882353,0.4225352112676056,0.2427148293825006,0.6249360613810742,0.7333882900158069,0.7248322147651006,0.728827329348768,ant-1.7,4,DT,False
0.8456375838926175,0.7391304347826086,0.5,0.5964912280701754,0.5201739231958584,0.8647058823529411,0.8363393407163469,0.8456375838926175,0.8342657585231285,ant-1.7,4,LR,False
0.8053691275167785,0.631578947368421,0.35294117647058826,0.4528301886792453,0.36747622691630555,0.8104859335038362,0.7853164144227374,0.8053691275167785,0.783785110853256,ant-1.7,4,SVM,False
0.8187919463087249,0.6060606060606061,0.5882352941176471,0.5970149253731343,0.480254415405721,0.8354219948849104,0.8169580554445169,0.8187919463087249,0.8178318726250209,ant-1.7,4,RF,False
0.785234899328859,0.55,0.3235294117647059,0.4074074074074074,0.30193980865417525,0.7823529411764706,0.759705530409448,0.785234899328859,0.763556272743202,ant-1.7,4,KNN,False
0.7919463087248322,0.5365853658536586,0.6470588235294118,0.5866666666666667,0.45278154145243243,0.8411764705882353,0.8084974809479638,0.7919463087248322,0.7983900643051334,ant-1.7,4,NB,False
0.8053691275167785,0.5675675675675675,0.6176470588235294,0.5915492957746479,0.46481007755850423,0.8319693094629156,0.8117388121582753,0.8053691275167785,0.8081949402710799,ant-1.7,4,MLP,False
0.7718120805369127,0.0,0.0,0.0,0.0,0.5,0.5956938876627179,0.7718120805369127,0.6724120398617043,ant-1.7,4,Majority,False
0.7248322147651006,0.4146341463414634,0.5,0.4533333333333333,0.2737357620564334,0.6456521739130435,0.7449376451258919,0.7248322147651006,0.7333546011777571,ant-1.7,4,DT,True
0.7919463087248322,0.5348837209302325,0.6764705882352942,0.5974025974025974,0.46546498416140786,0.8289002557544757,0.8137723774998454,0.7919463087248322,0.7998689033035659,ant-1.7,4,LR,True
0.785234899328859,0.52,0.7647058823529411,0.6190476190476191,0.4941611074160614,0.8248081841432224,0.8281011456850383,0.785234899328859,0.7976601165461481,ant-1.7,4,SVM,True
0.7919463087248322,0.5428571428571428,0.5588235294117647,0.5507246376811594,0.41546434097062607,0.8278772378516623,0.7941313014078821,0.7919463087248322,0.792999678467381,ant-1.7,4,RF,True
0.7651006711409396,0.49122807017543857,0.8235294117647058,0.6153846153846154,0.49335944694204525,0.8272378516624042,0.8335688213823148,0.7651006711409396,0.7817357884471978,ant-1.7,4,KNN,True
0.7651006711409396,0.49056603773584906,0.7647058823529411,0.5977011494252874,0.464545033185473,0.8398976982097186,0.8194356506690303,0.7651006711409396,0.7801745617219699,ant-1.7,4,NB,True
0.8053691275167785,0.5641025641025641,0.6470588235294118,0.6027397260273972,0.47660960303379146,0.8283887468030691,0.816335789490152,0.8053691275167785,0.8098720031054314,ant-1.7,4,MLP,True
0.7449664429530202,0.41379310344827586,0.36363636363636365,0.3870967741935484,0.2276802907077837,0.6085423197492164,0.7339273316361953,0.7449664429530202,0.7389008553469274,ant-1.7,5,DT,False
0.825503355704698,0.6842105263157895,0.3939393939393939,0.5,0.4260267356662129,0.8027690700104494,0.8102872048474309,0.825503355704698,0.8069787744857314,ant-1.7,5,LR,False
0.8120805369127517,0.6923076923076923,0.2727272727272727,0.391304347826087,0.3505643453317457,0.8356844305120168,0.7944668832943605,0.8120805369127517,0.7786856012709529,ant-1.7,5,SVM,False
0.8523489932885906,0.7894736842105263,0.45454545454545453,0.5769230769230769,0.5229396877490613,0.8508359456635319,0.8455778061571068,0.8523489932885906,0.8366743476417727,ant-1.7,5,RF,False
0.8187919463087249,0.6071428571428571,0.5151515151515151,0.5573770491803278,0.4467847887773807,0.7685475444096135,0.8100461161779039,0.8187919463087249,0.8132768640908261,ant-1.7,5,KNN,False
0.8657718120805369,0.6857142857142857,0.7272727272727273,0.7058823529411765,0.6194729926329299,0.8610240334378265,0.8689307160518747,0.8657718120805369,0.8671621552034878,ant-1.7,5,NB,False
0.8187919463087249,0.6071428571428571,0.5151515151515151,0.5573770491803278,0.4467847887773807,0.7821316614420063,0.8100461161779039,0.8187919463087249,0.8132768640908261,ant-1.7,5,MLP,False
0.7785234899328859,0.0,0.0,0.0,0.0,0.5,0.6060988243772802,0.7785234899328859,0.6815752817525642,ant-1.7,5,Majority,False
0.7248322147651006,0.3888888888888889,0.42424242424242425,0.4057971014492754,0.22756208275954073,0.6172936259143156,0.7337510641246461,0.7248322147651006,0.7290117140661814,ant-1.7,5,DT,True
0.7651006711409396,0.4782608695652174,0.6666666666666666,0.5569620253164557,0.41326552265058497,0.7716823406478579,0.8013037528932152,0.7651006711409396,0.7774559332218449,ant-1.7,5,LR,True
0.7315436241610739,0.43137254901960786,0.6666666666666666,0.5238095238095238,0.364650318261907,0.792319749216301,0.7866770869421594,0.7315436241610739,0.7490165858728866,ant-1.7,5,SVM,True
0.8187919463087249,0.6,0.5454545454545454,0.5714285714285714,0.4576993399126049,0.8271943573667712,0.813276182956404,0.8187919463087249,0.8156341159911059,ant-1.7,5,RF,True
0.738255033557047,0.45,0.8181818181818182,0.5806451612903226,0.4518681941916053,0.7882706374085684,0.8257031898046904,0.738255033557047,0.7590134069775424,ant-1.7,5,KNN,True
0.8187919463087249,0.5681818181818182,0.7575757575757576,0.6493506493506493,0.5404959989263202,0.859717868338558,0.8450463406839246,0.8187919463087249,0.8272256760215702,ant-1.7,5,NB,True
0.8120805369127517,0.5757575757575758,0.5757575757575758,0.5757575757575758,0.455067920585162,0.8030303030303031,0.8120805369127517,0.8120805369127517,0.8120805369127517,ant-1.7,5,MLP,True
0.7248322147651006,0.4,0.48484848484848486,0.4383561643835616,0.2604428377845722,0.6389759665621735,0.7456929991995567,0.7248322147651006,0.7337448029991931,ant-1.7,6,DT,False
0.8456375838926175,0.8125,0.3939393939393939,0.5306122448979592,0.4936728196498088,0.8147857889237199,0.8414019528687491,0.8456375838926175,0.8241298298247091,ant-1.7,6,LR,False
0.8120805369127517,0.6666666666666666,0.30303030303030304,0.4166666666666667,0.35870636869953443,0.7703761755485893,0.792547330461785,0.8120805369127517,0.7836107382550336,ant-1.7,6,SVM,False
0.8187919463087249,0.6363636363636364,0.42424242424242425,0.509090909090909,0.4158529081334957,0.8439132706374086,0.8029910690693866,0.8187919463087249,0.804772557792692,ant-1.7,6,RF,False
0.7986577181208053,0.5789473684210527,0.3333333333333333,0.4230769230769231,0.32911378358336446,0.7658045977011495,0.7749966035377551,0.7986577181208053,0.7772832013296902,ant-1.7,6,KNN,False
0.8120805369127517,0.5862068965517241,0.5151515151515151,0.5483870967741935,0.43179800018708436,0.7907523510971787,0.8045514155673841,0.8120805369127517,0.8076111565714201,ant-1.7,6,NB,False
0.7986577181208053,0.5517241379310345,0.48484848484848486,0.5161290322580645,0.39097445829122424,0.7972831765935214,0.7904265987811463,0.7986577181208053,0.7938690963265217,ant-1.7,6,MLP,False
0.7785234899328859,0.0,0.0,0.0,0.0,0.5,0.6060988243772802,0.7785234899328859,0.6815752817525642,ant-1.7,6,Majority,False
0.7583892617449665,0.45714285714285713,0.48484848484848486,0.47058823529411764,0.31447018089461826,0.6605276907001045,0.7636742863871087,0.7583892617449665,0.7608918793662782,ant-1.7,6,DT,True
0.7986577181208053,0.5365853658536586,0.6666666666666666,0.5945945945945946,0.4675638900049284,0.8126959247648903,0.8180704849554088,0.7986577181208053,0.80594568681817,ant-1.7,6,LR,True
0.7919463087248322,0.525,0.6363636363636364,0.5753424657534246,0.442801779654409,0.8116509926854755,0.809089649652115,0.7919463087248322,0.7986850949506094,ant-1.7,6,SVM,True
0.8120805369127517,0.5675675675675675,0.6363636363636364,0.6,0.47905186189726695,0.8376436781609196,0.820813142960794,0.8120805369127517,0.8158012480866595,ant-1.7,6,RF,True
0.7248322147651006,0.42,0.6363636363636364,0.5060240963855421,0.3397657595312722,0.7561389759665622,0.7771771405328453,0.7248322147651006,0.7421333217997634,ant-1.7,6,KNN,True
0.7785234899328859,0.5,0.5454545454545454,0.5217391304347826,0.37859437822132946,0.7865726227795193,0.7859179188691572,0.7785234899328859,0.7818874771752191,ant-1.7,6,NB,True
0.8187919463087249,0.59375,0.5757575757575758,0.5846153846153846,0.46886139222797324,0.7332810867293627,0.8168685108701886,0.8187919463087249,0.8177868966877234,ant-1.7,6,MLP,True
0.7785234899328859,0.5,0.45454545454545453,0.47619047619047616,0.33678231571583517,0.6626175548589343,0.7715018893463425,0.7785234899328859,0.7746639195446848,ant-1.7,7,DT,False
0.8657718120805369,0.782608695652174,0.5454545454545454,0.6428571428571429,0.5773565924776183,0.8897596656217346,0.8591715647449525,0.8657718120805369,0.856560462112628,ant-1.7,7,LR,False
0.8590604026845637,0.875,0.42424242424242425,0.5714285714285714,0.5458781071784259,0.8158307210031347,0.8610977948226269,0.8590604026845637,0.8394228881008213,ant-1.7,7,SVM,False
0.8926174496644296,0.84,0.6363636363636364,0.7241379310344828,0.6688298742941333,0.8838819226750262,0.8892227754925309,0.8926174496644296,0.8870014657100979,ant-1.7,7,RF,False
0.8523489932885906,0.7619047619047619,0.48484848484848486,0.5925925925925926,0.5271606816167848,0.8478317659352143,0.8438698465963567,0.8523489932885906,0.8395740883363284,ant-1.7,7,KNN,False
0.8791946308724832,0.7586206896551724,0.6666666666666666,0.7096774193548387,0.635915709666385,0.8915882967607106,0.8751754994985728,0.8791946308724832,0.8763214577959129,ant-1.7,7,NB,False
0.8456375838926175,0.6923076923076923,0.5454545454545454,0.6101694915254238,0.5213143019881725,0.8414315569487985,0.8369114925016056,0.8456375838926175,0.838741028886047,ant-1.7,7,MLP,False
0.7785234899328859,0.0,0.0,0.0,0.0,0.5,0.6060988243772802,0.7785234899328859,0.6815752817525642,ant-1.7,7,Majority,False
0.7986577181208053,0.5405405405405406,0.6060606060606061,0.5714285714285714,0.4416416273990003,0.7297544409613375,0.807876188748672,0.7986577181208053,0.8026441943785639,ant-1.7,7,DT,True
0.8590604026845637,0.65,0.7878787878787878,0.7123287671232876,0.6251607215242457,0.9007314524555904,0.8724863001046733,0.8590604026845637,0.8636253869020256,ant-1.7,7,LR,True
0.8053691275167785,0.5476190476190477,0.696969696969697,0.6133333333333333,0.49208542975523734,0.8560606060606061,0.8270490407792045,0.8053691275167785,0.8131194510488458,ant-1.7,7,SVM,True
0.87248322147651,0.71875,0.696969696969697,0.7076923076923077,0.6262931611112814,0.8913270637408568,0.8711692623185913,0.87248322147651,0.8717759643358053,ant-1.7,7,RF,True
0.785234899328859,0.5106382978723404,0.7272727272727273,0.6,0.4727048390263057,0.8333333333333334,0.8229246289405381,0.785234899328859,0.7971307185518133,ant-1.7,7,KNN,True
0.8859060402684564,0.7666666666666667,0.696969696969697,0.7301587301587301,0.6592277135738879,0.8952455590386625,0.8829000056398397,0.8859060402684564,0.8839177767351407,ant-1.7,7,NB,True
0.8322147651006712,0.625,0.6060606060606061,0.6153846153846154,0.5082193344488003,0.8022466039707419,0.8304436987322893,0.8322147651006712,0.8312841635997439,ant-1.7,7,MLP,True
0.7181208053691275,0.36363636363636365,0.36363636363636365,0.36363636363636365,0.18260188087774296,0.5913009404388715,0.7181208053691275,0.7181208053691275,0.7181208053691275,ant-1.7,8,DT,False
0.785234899328859,0.52,0.3939393939393939,0.4482758620689655,0.3228033073850158,0.7306687565308256,0.7681229703399004,0.785234899328859,0.7740029314201959,ant-1.7,8,LR,False
0.7919463087248322,0.5625,0.2727272727272727,0.3673469387755102,0.28485166953534036,0.7283176593521421,0.7626185850532371,0.7919463087248322,0.76295759672026,ant-1.7,8,SVM,False
0.7919463087248322,0.53125,0.5151515151515151,0.5230769230769231,0.3901455077863192,0.7381138975966561,0.7897181351459875,0.7919463087248322,0.7907923628636824,ant-1.7,8,RF,False
0.785234899328859,0.5217391304347826,0.36363636363636365,0.42857142857142855,0.308944323275855,0.7869644723092999,0.7643225367182181,0.785234899328859,0.7704967393802048,ant-1.7,8,KNN,False
0.7651006711409396,0.4722222222222222,0.5151515151515151,0.4927536231884058,0.34083630435588225,0.741901776384535,0.7728762051830295,0.7651006711409396,0.7686685363979596,ant-1.7,8,NB,False
0.7986577181208053,0.5483870967741935,0.5151515151515151,0.53125,0.40352377908447534,0.743730407523511,0.7944158431827272,0.7986577181208053,0.7963721820684908,ant-1.7,8,MLP,False
0.7785234899328859,0.0,0.0,0.0,0.0,0.5,0.6060988243772802,0.7785234899328859,0.6815752817525642,ant-1.7,8,Majority,False
0.7114093959731543,0.3611111111111111,0.3939393939393939,0.37681159420289856,0.18980400889409355,0.5978317659352143,0.7207093504385184,0.7114093959731543,0.7157927732889219,ant-1.7,8,DT,True
0.697986577181208,0.39285714285714285,0.6666666666666666,0.4943820224719101,0.32026876503121254,0.7369383490073146,0.7734486953473747,0.697986577181208,0.7203928200439538,ant-1.7,8,LR,True
0.7046979865771812,0.4126984126984127,0.7878787878787878,0.5416666666666666,0.3941476921755994,0.7748171368861025,0.8065583030465191,0.7046979865771812,0.728910558841119,ant-1.7,8,SVM,True
0.7583892617449665,0.46511627906976744,0.6060606060606061,0.5263157894736842,0.3737057482291822,0.7169540229885057,0.7860565242614947,0.7583892617449665,0.7688430217571863,ant-1.7,8,RF,True
0.697986577181208,0.4032258064516129,0.7575757575757576,0.5263157894736842,0.3694955909805474,0.7754702194357367,0.7962401674244064,0.697986577181208,0.7225109754251401,ant-1.7,8,KNN,True
0.738255033557047,0.44,0.6666666666666666,0.5301204819277109,0.37399503483225904,0.7484326018808777,0.7894705443698731,0.738255033557047,0.7547121841509944,ant-1.7,8,NB,True
0.7785234899328859,0.5,0.5454545454545454,0.5217391304347826,0.37859437822132946,0.7390282131661442,0.7859179188691572,0.7785234899328859,0.7818874771752191,ant-1.7,8,MLP,True
0.7248322147651006,0.40540540540540543,0.4411764705882353,0.4225352112676056,0.2427148293825006,0.6249360613810742,0.7333882900158069,0.7248322147651006,0.728827329348768,ant-1.7,9,DT,False
0.7785234899328859,0.5294117647058824,0.2647058823529412,0.35294117647058826,0.2575874696684259,0.7647058823529412,0.7464409192597112,0.7785234899328859,0.7492323995326468,ant-1.7,9,LR,False
0.7651006711409396,0.47368421052631576,0.2647058823529412,0.33962264150943394,0.223639209900904,0.7319693094629156,0.7314756949161754,0.7651006711409396,0.739050995857378,ant-1.7,9,SVM,False
0.8053691275167785,0.631578947368421,0.35294117647058826,0.4528301886792453,0.36747622691630555,0.84923273657289,0.7853164144227374,0.8053691275167785,0.783785110853256,ant-1.7,9,RF,False
0.7986577181208053,0.6428571428571429,0.2647058823529412,0.375,0.3181975465263796,0.7365728900255754,0.7755761514150775,0.7986577181208053,0.764765100671141,ant-1.7,9,KNN,False
0.7449664429530202,0.43333333333333335,0.38235294117647056,0.40625,0.24544085147779238,0.7727621483375959,0.7344913804447953,0.7449664429530202,0.7391764182871566,ant-1.7,9,NB,False
0.785234899328859,0.5357142857142857,0.4411764705882353,0.4838709677419355,0.35250605140878666,0.7657289002557545,0.7728619763397065,0.785234899328859,0.7775731044580051,ant-1.7,9,MLP,False
0.7718120805369127,0.0,0.0,0.0,0.0,0.5,0.5956938876627179,0.7718120805369127,0.6724120398617043,ant-1.7,9,Majority,False
0.7516778523489933,0.4666666666666667,0.6176470588235294,0.5316455696202531,0.37379815935691674,0.7044757033248081,0.7818232662192395,0.7516778523489933,0.7627297021664186,ant-1.7,9,DT,True
0.7449664429530202,0.45454545454545453,0.5882352941176471,0.5128205128205128,0.3491600399141285,0.7595907928388745,0.7726255847061216,0.7449664429530202,0.7555185306863159,ant-1.7,9,LR,True
0.7516778523489933,0.4634146341463415,0.5588235294117647,0.5066666666666667,0.345354073814833,0.8020460358056266,0.7703615794547208,0.7516778523489933,0.7593687864287074,ant-1.7,9,SVM,True
0.825503355704698,0.6176470588235294,0.6176470588235294,0.6176470588235294,0.5046035805626599,0.8451406649616369,0.825503355704698,0.825503355704698,0.825503355704698,ant-1.7,9,RF,True
0.7046979865771812,0.4107142857142857,0.6764705882352942,0.5111111111111111,0.3375017560612155,0.7750639386189258,0.7742425179641026,0.7046979865771812,0.7251735214822463,ant-1.7,9,KNN,True
0.7315436241610739,0.40625,0.38235294117647056,0.3939393939393939,0.22189697997630514,0.7583120204603581,0.7259830493890896,0.7315436241610739,0.7286332428660593,ant-1.7,9,NB,True
0.785234899328859,0.5333333333333333,0.47058823529411764,0.5,0.3650832294609692,0.7516624040920716,0.7767676197995976,0.785234899328859,0.7803590890839213,ant-1.7,9,MLP,True
0.8021978021978022,0.3333333333333333,0.2857142857142857,0.3076923076923077,0.1938842460909089,0.5909090909090908,0.7903278156442713,0.8021978021978022,0.7958579881656804,xerces-1.3,0,DT,False
0.8901098901098901,0.7,0.5,0.5833333333333334,0.5318687803876687,0.8562152133580705,0.8807217473884139,0.8901098901098901,0.8823433950016228,xerces-1.3,0,LR,False
0.8461538461538461,0.5,0.14285714285714285,0.2222222222222222,0.20571764439712248,0.8320964749536178,0.8063660477453581,0.8461538461538461,0.8081092349385034,xerces-1.3,0,SVM,False
0.8461538461538461,0.5,0.35714285714285715,0.4166666666666667,0.337099931231621,0.8910018552875696,0.829059829059829,0.8461538461538461,0.835280753002272,xerces-1.3,0,RF,False
0.8571428571428571,0.5454545454545454,0.42857142857142855,0.48,0.4024717022032483,0.8464749536178108,0.8454545454545455,0.8571428571428571,0.8499363057324841,xerces-1.3,0,KNN,False
0.8021978021978022,0.3888888888888889,0.5,0.4375,0.32348464190193504,0.819109461966605,0.8248448659407563,0.8021978021978022,0.811923076923077,xerces-1.3,0,NB,False
0.8351648351648352,0.4666666666666667,0.5,0.4827586206896552,0.3851820754655752,0.8274582560296845,0.8400134952766533,0.8351648351648352,0.8374681437561763,xerces-1.3,0,MLP,False
0.8461538461538461,0.0,0.0,0.0,0.0,0.5,0.7159763313609466,0.8461538461538461,0.7756410256410255,xerces-1.3,0,Majority,False
0.8131868131868132,0.4,0.42857142857142855,0.41379310344827586,0.30309409216963296,0.6558441558441559,0.8186234817813764,0.8131868131868132,0.815797229590333,xerces-1.3,0,DT,True
0.7912087912087912,0.4,0.7142857142857143,0.5128205128205128,0.4198911048651824,0.8673469387755103,0.8564102564102565,0.7912087912087912,0.8126232741617356,xerces-1.3,0,LR,True
0.8021978021978022,0.4090909090909091,0.6428571428571429,0.5,0.3994621488755069,0.8710575139146568,0.8477754129928045,0.8021978021978022,0.8187565858798735,xerces-1.3,0,SVM,True
0.8131868131868132,0.36363636363636365,0.2857142857142857,0.32,0.21560984046602588,0.8812615955473098,0.7963286713286714,0.8131868131868132,0.8037628613424792,xerces-1.3,0,RF,True
0.8021978021978022,0.42857142857142855,0.8571428571428571,0.5714285714285714,0.5076207532276439,0.8325602968460112,0.8852258852258852,0.8021978021978022,0.8252747252747252,xerces-1.3,0,KNN,True
0.8021978021978022,0.4090909090909091,0.6428571428571429,0.5,0.3994621488755069,0.8005565862708719,0.8477754129928045,0.8021978021978022,0.8187565858798735,xerces-1.3,0,NB,True
0.8461538461538461,0.5,0.5714285714285714,0.5333333333333333,0.44312936752559784,0.7838589981447124,0.8553846153846154,0.8461538461538461,0.8502699055330635,xerces-1.3,0,MLP,True
0.8241758241758241,0.4444444444444444,0.5714285714285714,0.5,0.39994464816966513,0.7207792207792207,0.8449830230652147,0.8241758241758241,0.8328205128205127,xerces-1.3,1,DT,False
0.8901098901098901,1.0,0.2857142857142857,0.4444444444444444,0.5028653529707439,0.8849721706864565,0.9027409372236959,0.8901098901098901,0.8629351678132164,xerces-1.3,1,LR,False
0.8461538461538461,0.5,0.07142857142857142,0.125,0.14382062372263343,0.7068645640074211,0.7994814174589455,0.8461538461538461,0.7940222428174236,xerces-1.3,1,SVM,False
0.8571428571428571,0.6,0.21428571428571427,0.3157894736842105,0.29816209391784104,0.8487940630797774,0.8302325581395349,0.8571428571428571,0.8272521795285761,xerces-1.3,1,RF,False
0.8461538461538461,0.5,0.21428571428571427,0.3,0.25489853281665936,0.7973098330241187,0.8135746606334842,0.8461538461538461,0.8191832858499525,xerces-1.3,1,KNN,False
0.8791208791208791,0.6363636363636364,0.5,0.56,0.4959026330718595,0.8636363636363636,0.8700174825174826,0.8791208791208791,0.8730230279274865,xerces-1.3,1,NB,False
0.8681318681318682,0.625,0.35714285714285715,0.45454545454545453,0.40541582779691576,0.7096474953617811,0.8505560704355885,0.8681318681318682,0.8526223776223777,xerces-1.3,1,MLP,False
0.8461538461538461,0.0,0.0,0.0,0.0,0.5,0.7159763313609466,0.8461538461538461,0.7756410256410255,xerces-1.3,1,Majority,False
0.7692307692307693,0.26666666666666666,0.2857142857142857,0.27586206896551724,0.13891812557774844,0.5714285714285714,0.7758434547908232,0.7692307692307693,0.7724554012586468,xerces-1.3,1,DT,True
0.8131868131868132,0.4482758620689655,0.9285714285714286,0.6046511627906976,0.5581061326067935,0.8654916512059369,0.9014717207153249,0.8131868131868132,0.8356906603518616,xerces-1.3,1,LR,True
0.7472527472527473,0.2857142857142857,0.42857142857142855,0.34285714285714286,0.2001854427843916,0.7439703153988868,0.7934065934065935,0.7472527472527473,0.7665096807953952,xerces-1.3,1,SVM,True
0.8571428571428571,0.5384615384615384,0.5,0.5185185185185185,0.43519413988924455,0.8501855287569573,0.8530571992110453,0.8571428571428571,0.854958183990442,xerces-1.3,1,RF,True
0.7472527472527473,0.3333333333333333,0.6428571428571429,0.43902439024390244,0.32311516382074845,0.7653061224489796,0.8313301282051283,0.7472527472527473,0.7756709645656193,xerces-1.3,1,KNN,True
0.8241758241758241,0.4444444444444444,0.5714285714285714,0.5,0.39994464816966513,0.8534322820037106,0.8449830230652147,0.8241758241758241,0.8328205128205127,xerces-1.3,1,NB,True
0.7912087912087912,0.3333333333333333,0.35714285714285715,0.3448275862068966,0.2210061088736907,0.653061224489796,0.7972334682861,0.7912087912087912,0.7941263154244899,xerces-1.3,1,MLP,True
0.8901098901098901,0.7,0.5,0.5833333333333334,0.5318687803876687,0.7305194805194805,0.8807217473884139,0.8901098901098901,0.8823433950016228,xerces-1.3,2,DT,False
0.8571428571428571,0.5714285714285714,0.2857142857142857,0.38095238095238093,0.3341054755153317,0.8172541743970315,0.8333333333333333,0.8571428571428571,0.836438923395445,xerces-1.3,2,LR,False
0.9010989010989011,1.0,0.35714285714285715,0.5263157894736842,0.5654798332924571,0.8098330241187385,0.9114490161001789,0.9010989010989011,0.8804053550582449,xerces-1.3,2,SVM,False
0.9010989010989011,0.8571428571428571,0.42857142857142855,0.5714285714285714,0.5627039587626639,0.9072356215213359,0.8974358974358975,0.9010989010989011,0.886765408504539,xerces-1.3,2,RF,False
0.8681318681318682,0.625,0.35714285714285715,0.45454545454545453,0.40541582779691576,0.8807977736549165,0.8505560704355885,0.8681318681318682,0.8526223776223777,xerces-1.3,2,KNN,False
0.8351648351648352,0.4444444444444444,0.2857142857142857,0.34782608695652173,0.266832911963873,0.8441558441558442,0.8113404210965186,0.8351648351648352,0.8198397172966493,xerces-1.3,2,NB,False
0.8901098901098901,0.7,0.5,0.5833333333333334,0.5318687803876687,0.836734693877551,0.8807217473884139,0.8901098901098901,0.8823433950016228,xerces-1.3,2,MLP,False
0.8461538461538461,0.0,0.0,0.0,0.0,0.5,0.7159763313609466,0.8461538461538461,0.7756410256410255,xerces-1.3,2,Majority,False
0.8901098901098901,0.625,0.7142857142857143,0.6666666666666666,0.6031483057987304,0.8181818181818182,0.8971794871794871,0.8901098901098901,0.8930499325236168,xerces-1.3,2,DT,True
0.7802197802197802,0.39285714285714285,0.7857142857142857,0.5238095238095238,0.44163005530805016,0.8089053803339519,0.8663003663003662,0.7802197802197802,0.8058608058608058,xerces-1.3,2,LR,True
0.7912087912087912,0.4,0.7142857142857143,0.5128205128205128,0.4198911048651824,0.8293135435992579,0.8564102564102565,0.7912087912087912,0.8126232741617356,xerces-1.3,2,SVM,True
0.8571428571428571,0.5384615384615384,0.5,0.5185185185185185,0.43519413988924455,0.9141929499072355,0.8530571992110453,0.8571428571428571,0.854958183990442,xerces-1.3,2,RF,True
0.7912087912087912,0.41379310344827586,0.8571428571428571,0.5581395348837209,0.49274235131050237,0.9183673469387754,0.8825190382476256,0.7912087912087912,0.8163601498050217,xerces-1.3,2,KNN,True
0.8901098901098901,0.6428571428571429,0.6428571428571429,0.6428571428571429,0.577922077922078,0.8163265306122449,0.8901098901098901,0.8901098901098901,0.8901098901098901,xerces-1.3,2,NB,True
0.8461538461538461,0.5,0.7857142857142857,0.6111111111111112,0.5417363388859614,0.8432282003710574,0.8862876254180603,0.8461538461538461,0.8590329001287905,xerces-1.3,2,MLP,True
0.8333333333333334,0.4166666666666667,0.38461538461538464,0.4,0.3037332710557203,0.6468531468531469,0.827991452991453,0.8333333333333334,0.8305376344086022,xerces-1.3,3,DT,False
0.9,0.8333333333333334,0.38461538461538464,0.5263157894736842,0.5237338364474732,0.8021978021978023,0.8944444444444445,0.9,0.8837528604118993,xerces-1.3,3,LR,False
0.9111111111111111,0.8571428571428571,0.46153846153846156,0.6,0.5887639849274726,0.8061938061938061,0.9072097915471409,0.9111111111111111,0.8994444444444443,xerces-1.3,3,SVM,False
0.8777777777777778,0.6,0.46153846153846156,0.5217391304347826,0.458164910174366,0.8316683316683317,0.8673611111111111,0.8777777777777778,0.870974491522816,xerces-1.3,3,RF,False
0.9222222222222223,0.875,0.5384615384615384,0.6666666666666666,0.6491077370265151,0.8171828171828172,0.9193428184281843,0.9222222222222223,0.9141858839972048,xerces-1.3,3,KNN,False
0.8111111111111111,0.3333333333333333,0.3076923076923077,0.32,0.210753698283561,0.6733266733266734,0.8049857549857549,0.8111111111111111,0.8079426523297492,xerces-1.3,3,NB,False
0.8777777777777778,0.6,0.46153846153846156,0.5217391304347826,0.458164910174366,0.7962037962037962,0.8673611111111111,0.8777777777777778,0.870974491522816,xerces-1.3,3,MLP,False
0.8555555555555555,0.0,0.0,0.0,0.0,0.5,0.7319753086419754,0.8555555555555555,0.7889554224883567,xerces-1.3,3,Majority,False
0.8111111111111111,0.35714285714285715,0.38461538461538464,0.37037037037037035,0.2596850459218259,0.6338661338661338,0.8170843776106933,0.8111111111111111,0.813991769547325,xerces-1.3,3,DT,True
0.7777777777777778,0.34782608695652173,0.6153846153846154,0.4444444444444444,0.33897193127269953,0.7202797202797202,0.841949671930204,0.7777777777777778,0.8009259259259258,xerces-1.3,3,LR,True
0.7555555555555555,0.30434782608695654,0.5384615384615384,0.3888888888888889,0.2665076229246165,0.7642357642357641,0.8228999927896749,0.7555555555555555,0.7810185185185186,xerces-1.3,3,SVM,True
0.8444444444444444,0.4666666666666667,0.5384615384615384,0.5,0.4099170257893273,0.8156843156843158,0.8545185185185186,0.8444444444444444,0.8489766081871346,xerces-1.3,3,RF,True
0.7333333333333333,0.3225806451612903,0.7692307692307693,0.45454545454545453,0.3673097844146771,0.7867132867132868,0.8586477127756514,0.7333333333333333,0.7702317290552584,xerces-1.3,3,KNN,True
0.8222222222222222,0.42105263157894735,0.6153846153846154,0.5,0.4070409724200794,0.6883116883116883,0.8561238777695412,0.8222222222222222,0.8352852852852853,xerces-1.3,3,NB,True
0.8666666666666667,0.5454545454545454,0.46153846153846156,0.5,0.42566072440768815,0.7812187812187812,0.8585347142309169,0.8666666666666667,0.861965811965812,xerces-1.3,3,MLP,True
0.8555555555555555,0.5384615384615384,0.5,0.5185185185185185,0.434100375272306,0.7105263157894737,0.8514374514374514,0.8555555555555555,0.853352699104333,xerces-1.3,4,DT,False
0.8555555555555555,0.5555555555555556,0.35714285714285715,0.43478260869565216,0.3678836036909795,0.7265037593984963,0.8370370370370371,0.8555555555555555,0.8421551432351764,xerces-1.3,4,LR,False
0.8777777777777778,1.0,0.21428571428571427,0.35294117647058826,0.4326570445821968,0.7321428571428572,0.8932311621966794,0.8777777777777778,0.8423593568306669,xerces-1.3,4,SVM,False
0.8777777777777778,1.0,0.21428571428571427,0.35294117647058826,0.4326570445821968,0.8153195488721805,0.8932311621966794,0.8777777777777778,0.8423593568306669,xerces-1.3,4,RF,False
0.8777777777777778,1.0,0.21428571428571427,0.35294117647058826,0.4326570445821968,0.7683270676691729,0.8932311621966794,0.8777777777777778,0.8423593568306669,xerces-1.3,4,KNN,False
0.8222222222222222,0.375,0.21428571428571427,0.2727272727272727,0.18911864748829293,0.7330827067669173,0.7894986449864498,0.8222222222222222,0.8013553254059583,xerces-1.3,4,NB,False
0.9,0.7777777777777778,0.5,0.6086956521739131,0.5722633835193014,0.775375939849624,0.8924554183813443,0.9,0.8907227914705067,xerces-1.3,4,MLP,False
0.8444444444444444,0.0,0.0,0.0,0.0,0.5,0.7130864197530864,0.8444444444444444,0.7732262382864792,xerces-1.3,4,Majority,False
0.8555555555555555,0.5384615384615384,0.5,0.5185185185185185,0.434100375272306,0.7105263157894737,0.8514374514374514,0.8555555555555555,0.853352699104333,xerces-1.3,4,DT,True
0.7444444444444445,0.3333333333333333,0.6428571428571429,0.43902439024390244,0.3211151353994379,0.7349624060150375,0.8292768959435626,0.7444444444444445,0.7730089099452145,xerces-1.3,4,LR,True
0.7555555555555555,0.3,0.42857142857142855,0.35294117647058826,0.2130288957369502,0.7556390977443608,0.7946031746031746,0.7555555555555555,0.7721013519563076,xerces-1.3,4,SVM,True
0.8555555555555555,0.5454545454545454,0.42857142857142855,0.48,0.40142702095023813,0.8054511278195489,0.8437795678302008,0.8555555555555555,0.8482867383512545,xerces-1.3,4,RF,True
0.7666666666666667,0.3157894736842105,0.42857142857142855,0.36363636363636365,0.2287040071533961,0.7302631578947368,0.7984185816654311,0.7666666666666667,0.7803751803751804,xerces-1.3,4,KNN,True
0.8444444444444444,0.5,0.42857142857142855,0.46153846153846156,0.37276420443900843,0.737781954887218,0.8356125356125356,0.8444444444444444,0.8394716394716396,xerces-1.3,4,NB,True
0.8777777777777778,0.6153846153846154,0.5714285714285714,0.5925925925925926,0.521308039947546,0.787593984962406,0.8743700743700744,0.8777777777777778,0.875913822319051,xerces-1.3,4,MLP,True
0.8021978021978022,0.3888888888888889,0.5,0.4375,0.32348464190193504,0.6785714285714286,0.8248448659407563,0.8021978021978022,0.811923076923077,xerces-1.3,5,DT,False
0.8351648351648352,0.45454545454545453,0.35714285714285715,0.4,0.3090407713346371,0.6920222634508348,0.8208916083916082,0.8351648351648352,0.8268495835374815,xerces-1.3,5,LR,False
0.8571428571428571,0.6666666666666666,0.14285714285714285,0.23529411764705882,0.262431940540739,0.7040816326530612,0.8333333333333333,0.8571428571428571,0.815686274509804,xerces-1.3,5,SVM,False
0.8351648351648352,0.4444444444444444,0.2857142857142857,0.34782608695652173,0.266832911963873,0.7397959183673469,0.8113404210965186,0.8351648351648352,0.8198397172966493,xerces-1.3,5,RF,False
0.8131868131868132,0.3333333333333333,0.21428571428571427,0.2608695652173913,0.1648085632718039,0.7091836734693878,0.783927454659162,0.8131868131868132,0.7958183462695358,xerces-1.3,5,KNN,False
0.7582417582417582,0.25,0.2857142857142857,0.26666666666666666,0.12309149097933272,0.6168831168831168,0.7717948717948718,0.7582417582417582,0.7647098515519568,xerces-1.3,5,NB,False
0.8021978021978022,0.35714285714285715,0.35714285714285715,0.35714285714285715,0.24025974025974026,0.6753246753246753,0.8021978021978022,0.8021978021978022,0.8021978021978022,xerces-1.3,5,MLP,False
0.8461538461538461,0.0,0.0,0.0,0.0,0.5,0.7159763313609466,0.8461538461538461,0.7756410256410255,xerces-1.3,5,Majority,False
0.7582417582417582,0.25,0.2857142857142857,0.26666666666666666,0.12309149097933272,0.5649350649350648,0.7717948717948718,0.7582417582417582,0.7647098515519568,xerces-1.3,5,DT,True
0.7362637362637363,0.3076923076923077,0.5714285714285714,0.4,0.2696799449852968,0.6679035250463823,0.8153846153846154,0.7362637362637363,0.7646803900325027,xerces-1.3,5,LR,True
0.6813186813186813,0.2222222222222222,0.42857142857142855,0.2926829268292683,0.12309149097933274,0.6066790352504638,0.7745726495726496,0.6813186813186813,0.7171503466262159,xerces-1.3,5,SVM,True
0.7802197802197802,0.2857142857142857,0.2857142857142857,0.2857142857142857,0.15584415584415584,0.7249536178107607,0.7802197802197802,0.7802197802197802,0.7802197802197802,xerces-1.3,5,RF,True
0.7032967032967034,0.27586206896551724,0.5714285714285714,0.37209302325581395,0.23128722612533784,0.6961966604823748,0.8067083083768289,0.7032967032967034,0.7390381076176625,xerces-1.3,5,KNN,True
0.7692307692307693,0.3157894736842105,0.42857142857142855,0.36363636363636365,0.2305714879553582,0.6224489795918368,0.8007197480881691,0.7692307692307693,0.7828413197540715,xerces-1.3,5,NB,True
0.8131868131868132,0.4,0.42857142857142855,0.41379310344827586,0.30309409216963296,0.6641929499072355,0.8186234817813764,0.8131868131868132,0.815797229590333,xerces-1.3,5,MLP,True
0.8241758241758241,0.4444444444444444,0.5714285714285714,0.5,0.39994464816966513,0.7207792207792207,0.8449830230652147,0.8241758241758241,0.8328205128205127,xerces-1.3,6,DT,False
0.8791208791208791,0.8,0.2857142857142857,0.42105263157894735,0.4318209636051491,0.9081632653061225,0.8708407871198569,0.8791208791208791,0.8538287672934105,xerces-1.3,6,LR,False
0.8791208791208791,1.0,0.21428571428571427,0.35294117647058826,0.4330127018922193,0.7773654916512059,0.8942307692307693,0.8791208791208791,0.8440422322775264,xerces-1.3,6,SVM,False
0.8901098901098901,0.8333333333333334,0.35714285714285715,0.5,0.5003563792327017,0.9081632653061225,0.8847662141779788,0.8901098901098901,0.8708452041785375,xerces-1.3,6,RF,False
0.8791208791208791,1.0,0.21428571428571427,0.35294117647058826,0.4330127018922193,0.8724489795918369,0.8942307692307693,0.8791208791208791,0.8440422322775264,xerces-1.3,6,KNN,False
0.8351648351648352,0.45454545454545453,0.35714285714285715,0.4,0.3090407713346371,0.7838589981447124,0.8208916083916082,0.8351648351648352,0.8268495835374815,xerces-1.3,6,NB,False
0.8681318681318682,0.6,0.42857142857142855,0.5,0.4344843558096449,0.8404452690166976,0.8548907882241217,0.8681318681318682,0.8588120740019475,xerces-1.3,6,MLP,False
0.8461538461538461,0.0,0.0,0.0,0.0,0.5,0.7159763313609466,0.8461538461538461,0.7756410256410255,xerces-1.3,6,Majority,False
0.8681318681318682,0.5625,0.6428571428571429,0.6,0.5231388366621641,0.775974025974026,0.8762820512820514,0.8681318681318682,0.8716599190283402,xerces-1.3,6,DT,True
0.8461538461538461,0.5,0.7857142857142857,0.6111111111111112,0.5417363388859614,0.891465677179963,0.8862876254180603,0.8461538461538461,0.8590329001287905,xerces-1.3,6,LR,True
0.8461538461538461,0.5,0.6428571428571429,0.5625,0.4764046544373952,0.914656771799629,0.8651211801896733,0.8461538461538461,0.8537179487179487,xerces-1.3,6,SVM,True
0.8681318681318682,0.5625,0.6428571428571429,0.6,0.5231388366621641,0.8984230055658626,0.8762820512820514,0.8681318681318682,0.8716599190283402,xerces-1.3,6,RF,True
0.8351648351648352,0.4782608695652174,0.7857142857142857,0.5945945945945946,0.5229281479728731,0.8682745825602969,0.8824021247294905,0.8351648351648352,0.850096781131264,xerces-1.3,6,KNN,True
0.8681318681318682,0.5833333333333334,0.5,0.5384615384615384,0.46393730314610343,0.7597402597402598,0.8609217786432978,0.8681318681318682,0.863905325443787,xerces-1.3,6,NB,True
0.8461538461538461,0.5,0.5,0.5,0.4090909090909091,0.8358070500927643,0.8461538461538461,0.8461538461538461,0.8461538461538461,xerces-1.3,6,MLP,True
0.8351648351648352,0.47368421052631576,0.6428571428571429,0.5454545454545454,0.45537868871183246,0.7564935064935064,0.860267656320288,0.8351648351648352,0.844886656967194,xerces-1.3,7,DT,False
0.8901098901098901,0.75,0.42857142857142855,0.5454545454545454,0.5129751290491588,0.8293135435992579,0.8799814643188137,0.8901098901098901,0.8771853146853147,xerces-1.3,7,LR,False
0.8791208791208791,0.8,0.2857142857142857,0.42105263157894735,0.4318209636051491,0.8515769944341374,0.8708407871198569,0.8791208791208791,0.8538287672934105,xerces-1.3,7,SVM,False
0.8901098901098901,0.75,0.42857142857142855,0.5454545454545454,0.5129751290491588,0.9192949907235622,0.8799814643188137,0.8901098901098901,0.8771853146853147,xerces-1.3,7,RF,False
0.8681318681318682,0.625,0.35714285714285715,0.45454545454545453,0.40541582779691576,0.8492578849721707,0.8505560704355885,0.8681318681318682,0.8526223776223777,xerces-1.3,7,KNN,False
0.7912087912087912,0.3076923076923077,0.2857142857142857,0.2962962962962963,0.17407765595569782,0.8358070500927645,0.7850098619329388,0.7912087912087912,0.7880158073706461,xerces-1.3,7,NB,False
0.8901098901098901,0.7,0.5,0.5833333333333334,0.5318687803876687,0.898886827458256,0.8807217473884139,0.8901098901098901,0.8823433950016228,xerces-1.3,7,MLP,False
0.8461538461538461,0.0,0.0,0.0,0.0,0.5,0.7159763313609466,0.8461538461538461,0.7756410256410255,xerces-1.3,7,Majority,False
0.7362637362637363,0.2727272727272727,0.42857142857142855,0.3333333333333333,0.1860508638598251,0.6103896103896104,0.7900070943549204,0.7362637362637363,0.7583421145064981,xerces-1.3,7,DT,True
0.7142857142857143,0.3235294117647059,0.7857142857142857,0.4583333333333333,0.36322274534466625,0.8543599257884973,0.8513931888544891,0.7142857142857143,0.7524875621890548,xerces-1.3,7,LR,True
0.7472527472527473,0.3448275862068966,0.7142857142857143,0.46511627906976744,0.3620147887179201,0.8534322820037106,0.8446136733122273,0.7472527472527473,0.7776991287113422,xerces-1.3,7,SVM,True
0.8241758241758241,0.45,0.6428571428571429,0.5294117647058824,0.4356474863859153,0.8854359925788498,0.8557963163596967,0.8241758241758241,0.8361257184786596,xerces-1.3,7,RF,True
0.7912087912087912,0.41935483870967744,0.9285714285714286,0.5777777777777777,0.5289516365624478,0.9299628942486085,0.8965674110835402,0.7912087912087912,0.8176929315615447,xerces-1.3,7,KNN,True
0.8241758241758241,0.4375,0.5,0.4666666666666667,0.3631198983890315,0.8450834879406308,0.8344871794871794,0.8241758241758241,0.8288798920377867,xerces-1.3,7,NB,True
0.8791208791208791,0.6,0.6428571428571429,0.6206896551724138,0.5493580420574598,0.8970315398886828,0.8827935222672066,0.8791208791208791,0.8808099720878627,xerces-1.3,7,MLP,True
0.8777777777777778,0.5833333333333334,0.5384615384615384,0.56,0.4896924166000388,0.7367632367632367,0.874002849002849,0.8777777777777778,0.8757275985663082,xerces-1.3,8,DT,False
0.8222222222222222,0.3333333333333333,0.23076923076923078,0.2727272727272727,0.17910620335162064,0.7512487512487513,0.7980795610425239,0.8222222222222222,0.8083109576780463,xerces-1.3,8,LR,False
0.8777777777777778,0.625,0.38461538461538464,0.47619047619047616,0.4269796140896849,0.7702297702297702,0.8623644986449864,0.8777777777777778,0.8651492462813217,xerces-1.3,8,SVM,False
0.9,0.8333333333333334,0.38461538461538464,0.5263157894736842,0.5237338364474732,0.8751248751248751,0.8944444444444445,0.9,0.8837528604118993,xerces-1.3,8,RF,False
0.8777777777777778,0.625,0.38461538461538464,0.47619047619047616,0.4269796140896849,0.7922077922077921,0.8623644986449864,0.8777777777777778,0.8651492462813217,xerces-1.3,8,KNN,False
0.8333333333333334,0.375,0.23076923076923078,0.2857142857142857,0.2048514911528546,0.7472527472527473,0.8053861788617886,0.8333333333333334,0.8161126085654387,xerces-1.3,8,NB,False
0.8555555555555555,0.5,0.46153846153846156,0.48,0.3967128438278795,0.8161838161838163,0.850997150997151,0.8555555555555555,0.8531326164874552,xerces-1.3,8,MLP,False
0.8555555555555555,0.0,0.0,0.0,0.0,0.5,0.7319753086419754,0.8555555555555555,0.7889554224883567,xerces-1.3,8,Majority,False
0.8555555555555555,0.5,0.5384615384615384,0.5185185185185185,0.434100375272306,0.7237762237762237,0.8602339181286549,0.8555555555555555,0.8577584120067778,xerces-1.3,8,DT,True
0.7222222222222222,0.3,0.6923076923076923,0.4186046511627907,0.31289310938737197,0.7422577422577423,0.841851851851852,0.7222222222222222,0.7598973952733926,xerces-1.3,8,LR,True
0.7333333333333333,0.2962962962962963,0.6153846153846154,0.4,0.28278552189994244,0.7542457542457542,0.8304526748971193,0.7333333333333333,0.7666666666666667,xerces-1.3,8,SVM,True
0.8888888888888888,0.6153846153846154,0.6153846153846154,0.6153846153846154,0.5504495504495505,0.8686313686313686,0.8888888888888888,0.8888888888888888,0.8888888888888888,xerces-1.3,8,RF,True
0.8111111111111111,0.4166666666666667,0.7692307692307693,0.5405405405405406,0.4669632454488545,0.8011988011988012,0.8768518518518519,0.8111111111111111,0.831924231924232,xerces-1.3,8,KNN,True
0.8333333333333334,0.42857142857142855,0.46153846153846156,0.4444444444444444,0.34689271059706595,0.7212787212787214,0.8386591478696742,0.8333333333333334,0.8358750907770515,xerces-1.3,8,NB,True
0.8555555555555555,0.5,0.6923076923076923,0.5806451612903226,0.5057116329928112,0.7952047952047953,0.8802469135802469,0.8555555555555555,0.8647807365711674,xerces-1.3,8,MLP,True
0.8333333333333334,0.46153846153846156,0.42857142857142855,0.4444444444444444,0.34689271059706595,0.668233082706767,0.8285048285048285,0.8333333333333334,0.8307915758896149,xerces-1.3,9,DT,False
0.8666666666666667,0.625,0.35714285714285715,0.45454545454545453,0.404570271209133,0.7603383458646616,0.8489837398373984,0.8666666666666667,0.8510164940544687,xerces-1.3,9,LR,False
0.8666666666666667,0.75,0.21428571428571427,0.3333333333333333,0.3537233570518176,0.8543233082706767,0.8531007751937983,0.8666666666666667,0.8337448559670781,xerces-1.3,9,SVM,False
0.8666666666666667,0.6666666666666666,0.2857142857142857,0.4,0.37689727707306575,0.8533834586466167,0.8476190476190475,0.8666666666666667,0.8433333333333333,xerces-1.3,9,RF,False
0.9,0.7777777777777778,0.5,0.6086956521739131,0.5722633835193014,0.8533834586466166,0.8924554183813443,0.9,0.8907227914705067,xerces-1.3,9,KNN,False
0.9111111111111111,0.6875,0.7857142857142857,0.7333333333333333,0.6824677041753919,0.8660714285714286,0.9171546546546546,0.9111111111111111,0.9134814814814816,xerces-1.3,9,NB,False
0.8222222222222222,0.4166666666666667,0.35714285714285715,0.38461538461538464,0.2825793162682806,0.6550751879699248,0.8118233618233617,0.8222222222222222,0.8165390165390166,xerces-1.3,9,MLP,False
0.8444444444444444,0.0,0.0,0.0,0.0,0.5,0.7130864197530864,0.8444444444444444,0.7732262382864792,xerces-1.3,9,Majority,False
0.8555555555555555,0.5333333333333333,0.5714285714285714,0.5517241379310345,0.46614722254101953,0.7396616541353384,0.8598518518518519,0.8555555555555555,0.8575676841490953,xerces-1.3,9,DT,True
0.7,0.25925925925925924,0.5,0.34146341463414637,0.18731716231633877,0.700187969924812,0.7909465020576132,0.7,0.7335321986313387,xerces-1.3,9,LR,True
0.7555555555555555,0.3181818181818182,0.5,0.3888888888888889,0.255222677782979,0.7960526315789475,0.8070112893642305,0.7555555555555555,0.7759259259259259,xerces-1.3,9,SVM,True
0.8777777777777778,0.6153846153846154,0.5714285714285714,0.5925925925925926,0.521308039947546,0.8594924812030075,0.8743700743700744,0.8777777777777778,0.875913822319051,xerces-1.3,9,RF,True
0.8222222222222222,0.46153846153846156,0.8571428571428571,0.6,0.5381031660853428,0.8519736842105263,0.8898504273504274,0.8222222222222222,0.8412698412698414,xerces-1.3,9,KNN,True
0.8555555555555555,0.5238095238095238,0.7857142857142857,0.6285714285714286,0.5605369329502975,0.8674812030075189,0.8892109500805153,0.8555555555555555,0.8665134099616858,xerces-1.3,9,NB,True
0.7888888888888889,0.3333333333333333,0.35714285714285715,0.3448275862068966,0.2193633988428327,0.6268796992481203,0.794962962962963,0.7888888888888889,0.7918296922179088,xerces-1.3,9,MLP,True
0.8636363636363636,0.35714285714285715,0.35714285714285715,0.35714285714285715,0.28087167070217917,0.6295399515738499,0.8636363636363636,0.8636363636363636,0.8636363636363636,prop-6,0,DT,False
0.8787878787878788,0.0,0.0,0.0,-0.04272345199907283,0.5553874092009685,0.7976689976689978,0.8787878787878788,0.8362658846529814,prop-6,0,LR,False
0.8939393939393939,0.0,0.0,0.0,0.0,0.575363196125908,0.799127640036731,0.8939393939393939,0.8438787878787879,prop-6,0,SVM,False
0.8712121212121212,0.3333333333333333,0.21428571428571427,0.2608695652173913,0.19965717975801864,0.6065375302663438,0.8493471298349347,0.8712121212121212,0.8585494125815253,prop-6,0,RF,False
0.8560606060606061,0.14285714285714285,0.07142857142857142,0.09523809523809523,0.028279379044493982,0.6549636803874092,0.8161212121212121,0.8560606060606061,0.8341439082179823,prop-6,0,KNN,False
0.29545454545454547,0.10891089108910891,0.7857142857142857,0.19130434782608696,0.01670848377661647,0.5911016949152543,0.8189802851252868,0.29545454545454547,0.3562670769557259,prop-6,0,NB,False
0.8333333333333334,0.1,0.07142857142857142,0.08333333333333333,-0.005635144411495017,0.603813559322034,0.8092896174863389,0.8333333333333334,0.8208333333333334,prop-6,0,MLP,False
0.8939393939393939,0.0,0.0,0.0,0.0,0.5,0.799127640036731,0.8939393939393939,0.8438787878787879,prop-6,0,Majority,False
0.8560606060606061,0.3333333333333333,0.35714285714285715,0.3448275862068966,0.2642828197754437,0.6280266343825667,0.8605283605283607,0.8560606060606061,0.858236065719558,prop-6,0,DT,True
0.6439393939393939,0.13333333333333333,0.42857142857142855,0.2033898305084746,0.06370068607712297,0.5366222760290557,0.8258794845001741,0.6439393939393939,0.7105590840191915,prop-6,0,LR,True
0.7348484848484849,0.18181818181818182,0.42857142857142855,0.2553191489361702,0.14204774743178403,0.5892857142857143,0.8409856137128865,0.7348484848484849,0.7768349243984111,prop-6,0,SVM,True
0.8333333333333334,0.25,0.2857142857142857,0.26666666666666666,0.1736119344464813,0.6740314769975786,0.8433908045977012,0.8333333333333334,0.8381766381766382,prop-6,0,RF,True
0.7651515151515151,0.2571428571428571,0.6428571428571429,0.3673469387755102,0.2947341856985371,0.6794794188861986,0.8751327710090596,0.7651515151515151,0.804006845867311,prop-6,0,KNN,True
0.2727272727272727,0.10576923076923077,0.7857142857142857,0.1864406779661017,-0.0018237247185291618,0.5947336561743342,0.8093781218781219,0.2727272727272727,0.3259176393608713,prop-6,0,NB,True
0.8484848484848485,0.25,0.21428571428571427,0.23076923076923078,0.14782523547125082,0.6013922518159805,0.838510101010101,0.8484848484848485,0.8432939609410197,prop-6,0,MLP,True
0.8863636363636364,0.3333333333333333,0.15384615384615385,0.21052631578947367,0.171991462562851,0.5352294764059469,0.8556397306397306,0.8863636363636364,0.867053998632946,prop-6,1,DT,False
0.9015151515151515,0.0,0.0,0.0,0.0,0.7605042016806722,0.8127295684113865,0.9015151515151515,0.854823131715562,prop-6,1,LR,False
0.9015151515151515,0.0,0.0,0.0,0.0,0.7333548804137039,0.8127295684113865,0.9015151515151515,0.854823131715562,prop-6,1,SVM,False
0.9090909090909091,0.6,0.23076923076923078,0.3333333333333333,0.3339611702982527,0.7401422107304461,0.8896206156048675,0.9090909090909091,0.8903670854890366,prop-6,1,RF,False
0.8939393939393939,0.3333333333333333,0.07692307692307693,0.125,0.1201938673400409,0.744343891402715,0.8504815597838853,0.8939393939393939,0.8629337732160313,prop-6,1,KNN,False
0.20454545454545456,0.09649122807017543,0.8461538461538461,0.1732283464566929,-0.01683788037143513,0.7617970265029088,0.8108497253234095,0.20454545454545456,0.22763324955979705,prop-6,1,NB,False
0.8939393939393939,0.3333333333333333,0.07692307692307693,0.125,0.1201938673400409,0.6557853910795088,0.8504815597838853,0.8939393939393939,0.8629337732160313,prop-6,1,MLP,False
0.9015151515151515,0.0,0.0,0.0,0.0,0.5,0.8127295684113865,0.9015151515151515,0.854823131715562,prop-6,1,Majority,False
0.8863636363636364,0.3333333333333333,0.15384615384615385,0.21052631578947367,0.171991462562851,0.5352294764059469,0.8556397306397306,0.8863636363636364,0.867053998632946,prop-6,1,DT,True
0.7348484848484849,0.225,0.6923076923076923,0.33962264150943394,0.27996735627785085,0.7611506140917905,0.8844779314888012,0.7348484848484849,0.7854224079297851,prop-6,1,LR,True
0.7575757575757576,0.1935483870967742,0.46153846153846156,0.2727272727272727,0.17675141963945987,0.7068519715578538,0.8580954869680517,0.7575757575757576,0.7972451790633609,prop-6,1,SVM,True
0.8787878787878788,0.3333333333333333,0.23076923076923078,0.2727272727272727,0.21319903567106993,0.6984486102133162,0.861049519586105,0.8787878787878788,0.8687703481091911,prop-6,1,RF,True
0.8257575757575758,0.3076923076923077,0.6153846153846154,0.41025641025641024,0.3477280145050243,0.7895927601809954,0.8892938822184105,0.8257575757575758,0.8497643097643097,prop-6,1,KNN,True
0.1590909090909091,0.10483870967741936,1.0,0.1897810218978102,0.08395225120576331,0.7614738202973498,0.9118401759530792,0.1590909090909091,0.1322672671888144,prop-6,1,NB,True
0.8333333333333334,0.23529411764705882,0.3076923076923077,0.26666666666666666,0.1765305351465415,0.5982546864899806,0.8541346973572038,0.8333333333333334,0.843019943019943,prop-6,1,MLP,True
0.9015151515151515,0.5,0.3076923076923077,0.38095238095238093,0.34226687030041963,0.6108597285067873,0.8853250244379276,0.9015151515151515,0.890803983396576,prop-6,2,DT,False
0.9015151515151515,0.0,0.0,0.0,0.0,0.8199741435035552,0.8127295684113865,0.9015151515151515,0.854823131715562,prop-6,2,LR,False
0.9015151515151515,0.0,0.0,0.0,0.0,0.7352941176470589,0.8127295684113865,0.9015151515151515,0.854823131715562,prop-6,2,SVM,False
0.8863636363636364,0.375,0.23076923076923078,0.2857142857142857,0.2357120899238739,0.841305753070459,0.8657441348973606,0.8863636363636364,0.8740045962268184,prop-6,2,RF,False
0.8939393939393939,0.3333333333333333,0.07692307692307693,0.125,0.1201938673400409,0.8661926308985132,0.8504815597838853,0.8939393939393939,0.8629337732160313,prop-6,2,KNN,False
0.18181818181818182,0.10743801652892562,1.0,0.19402985074626866,0.09965563318429557,0.8034906270200388,0.9120961682945155,0.18181818181818182,0.17167310301638658,prop-6,2,NB,False
0.9090909090909091,0.5555555555555556,0.38461538461538464,0.45454545454545453,0.4149357575963834,0.830316742081448,0.8975938244230927,0.9090909090909091,0.9015777610818934,prop-6,2,MLP,False
0.9015151515151515,0.0,0.0,0.0,0.0,0.5,0.8127295684113865,0.9015151515151515,0.854823131715562,prop-6,2,Majority,False
0.8636363636363636,0.2727272727272727,0.23076923076923078,0.25,0.17631381255683062,0.5623787976729154,0.8538692712246432,0.8636363636363636,0.8585227272727273,prop-6,2,DT,True
0.7348484848484849,0.225,0.6923076923076923,0.33962264150943394,0.27996735627785085,0.8122171945701357,0.8844779314888012,0.7348484848484849,0.7854224079297851,prop-6,2,LR,True
0.7651515151515151,0.23529411764705882,0.6153846153846154,0.3404255319148936,0.27043986964170497,0.7934712346477052,0.8786923860453273,0.7651515151515151,0.806254029658285,prop-6,2,SVM,True
0.8636363636363636,0.3333333333333333,0.38461538461538464,0.35714285714285715,0.28220794458203224,0.8222365869424693,0.8727013727013727,0.8636363636363636,0.8679286814880035,prop-6,2,RF,True
0.7196969696969697,0.22727272727272727,0.7692307692307693,0.3508771929824561,0.3056249227510633,0.841305753070459,0.8931646005509642,0.7196969696969697,0.7749308493015586,prop-6,2,KNN,True
0.1893939393939394,0.10833333333333334,1.0,0.19548872180451127,0.10451970985368816,0.7918552036199095,0.9121843434343434,0.1893939393939394,0.18441575834102952,prop-6,2,NB,True
0.8106060606060606,0.2692307692307692,0.5384615384615384,0.358974358974359,0.28380030153195573,0.8109243697478992,0.8770011435105776,0.8106060606060606,0.8367003367003367,prop-6,2,MLP,True
0.9090909090909091,0.6,0.23076923076923078,0.3333333333333333,0.3339611702982527,0.627666451195863,0.8896206156048675,0.9090909090909091,0.8903670854890366,prop-6,3,DT,False
0.8863636363636364,0.25,0.07692307692307693,0.11764705882352941,0.08988968316207743,0.48125404007756944,0.8416193181818182,0.8863636363636364,0.8583537205828228,prop-6,3,LR,False
0.9015151515151515,0.0,0.0,0.0,0.0,0.5446024563671623,0.8127295684113865,0.9015151515151515,0.854823131715562,prop-6,3,SVM,False
0.9015151515151515,0.5,0.15384615384615385,0.23529411764705882,0.23820766037950522,0.7204266321913382,0.8732836174242424,0.9015151515151515,0.8772398911717797,prop-6,3,RF,False
0.8787878787878788,0.0,0.0,0.0,-0.050403879852275214,0.6473820297349708,0.8106647874089734,0.8787878787878788,0.8433528836754642,prop-6,3,KNN,False
0.29545454545454547,0.11538461538461539,0.9230769230769231,0.20512820512820512,0.10930679053039025,0.5562378797672917,0.8806818181818182,0.29545454545454547,0.35137085137085133,prop-6,3,NB,False
0.8712121212121212,0.25,0.15384615384615385,0.19047619047619047,0.12915730954732815,0.5950226244343892,0.8461632453567937,0.8712121212121212,0.857205209057061,prop-6,3,MLP,False
0.9015151515151515,0.0,0.0,0.0,0.0,0.5,0.8127295684113865,0.9015151515151515,0.854823131715562,prop-6,3,Majority,False
0.8636363636363636,0.2727272727272727,0.23076923076923078,0.25,0.17631381255683062,0.596961861667744,0.8538692712246432,0.8636363636363636,0.8585227272727273,prop-6,3,DT,True
0.7348484848484849,0.19444444444444445,0.5384615384615384,0.2857142857142857,0.19721176452978323,0.5717517776341305,0.8643202861952861,0.7348484848484849,0.7828953991744689,prop-6,3,LR,True
0.7954545454545454,0.23076923076923078,0.46153846153846156,0.3076923076923077,0.2198725885588872,0.6512605042016808,0.8647084048027445,0.7954545454545454,0.8236363636363636,prop-6,3,SVM,True
0.8712121212121212,0.3,0.23076923076923078,0.2608695652173913,0.1936228304201406,0.6764705882352942,0.8571659215101839,0.8712121212121212,0.8636144960337636,prop-6,3,RF,True
0.8106060606060606,0.125,0.15384615384615385,0.13793103448275862,0.03304866221132855,0.6354234001292824,0.828337251828631,0.8106060606060606,0.8191934013650815,prop-6,3,KNN,True
0.19696969696969696,0.1092436974789916,1.0,0.19696969696969696,0.1092436974789916,0.5581771170006464,0.9122740005092946,0.19696969696969696,0.19696969696969696,prop-6,3,NB,True
0.8257575757575758,0.1875,0.23076923076923078,0.20689655172413793,0.1109490802808887,0.6318681318681318,0.8422642371995821,0.8257575757575758,0.833657929255875,prop-6,3,MLP,True
0.9090909090909091,0.5555555555555556,0.38461538461538464,0.45454545454545453,0.4149357575963834,0.6599870717517776,0.8975938244230927,0.9090909090909091,0.9015777610818934,prop-6,4,DT,False
0.8863636363636364,0.0,0.0,0.0,-0.040996003084539386,0.7362637362637363,0.8113636363636364,0.8863636363636364,0.8472070098576123,prop-6,4,LR,False
0.8939393939393939,0.0,0.0,0.0,-0.028877696494032597,0.7343244990303814,0.8120518158686097,0.8939393939393939,0.851030303030303,prop-6,4,SVM,False
0.9015151515151515,0.5,0.38461538461538464,0.43478260869565216,0.3857898500852426,0.7501616031027797,0.891641828117238,0.9015151515151515,0.8957052028493486,prop-6,4,RF,False
0.8787878787878788,0.2,0.07692307692307693,0.1111111111111111,0.0675993909667158,0.6974789915966386,0.8360295872106895,0.8787878787878788,0.8538227806520489,prop-6,4,KNN,False
0.19696969696969696,0.1092436974789916,1.0,0.19696969696969696,0.1092436974789916,0.7142857142857143,0.9122740005092946,0.19696969696969696,0.19696969696969696,prop-6,4,NB,False
0.9090909090909091,0.5714285714285714,0.3076923076923077,0.4,0.3756057686136195,0.788623141564318,0.892883116883117,0.9090909090909091,0.8965722801788375,prop-6,4,MLP,False
0.9015151515151515,0.0,0.0,0.0,0.0,0.5,0.8127295684113865,0.9015151515151515,0.854823131715562,prop-6,4,Majority,False
0.8787878787878788,0.4,0.46153846153846156,0.42857142857142855,0.36231858691499624,0.6813186813186813,0.8869722869722869,0.8787878787878788,0.8826032724337809,prop-6,4,DT,True
0.6590909090909091,0.15217391304347827,0.5384615384615384,0.23728813559322035,0.1317784217074507,0.698125404007757,0.8536055703649232,0.6590909090909091,0.7269908677515126,prop-6,4,LR,True
0.696969696969697,0.18604651162790697,0.6153846153846154,0.2857142857142857,0.20425937597223834,0.6599870717517776,0.8691909953995138,0.696969696969697,0.7562853812853813,prop-6,4,SVM,True
0.8636363636363636,0.35294117647058826,0.46153846153846156,0.4,0.3283352950119713,0.7563025210084034,0.8813996744943037,0.8636363636363636,0.8715617715617716,prop-6,4,RF,True
0.75,0.23684210526315788,0.6923076923076923,0.35294117647058826,0.29522870973707016,0.7359405300581772,0.886478163493841,0.75,0.7966031483015742,prop-6,4,KNN,True
0.15151515151515152,0.104,1.0,0.18840579710144928,0.07821538888750429,0.7084680025856497,0.9117575757575758,0.15151515151515152,0.1187234665495535,prop-6,4,NB,True
0.7954545454545454,0.25,0.5384615384615384,0.34146341463414637,0.2638439771423213,0.7983193277310925,0.8741258741258742,0.7954545454545454,0.8259920654648862,prop-6,4,MLP,True
0.8636363636363636,0.35714285714285715,0.35714285714285715,0.35714285714285715,0.28087167070217917,0.639225181598063,0.8636363636363636,0.8636363636363636,0.8636363636363636,prop-6,5,DT,False
0.8712121212121212,0.0,0.0,0.0,-0.05252774854648757,0.6355932203389831,0.7969227155273667,0.8712121212121212,0.8324132008342535,prop-6,5,LR,False
0.8787878787878788,0.0,0.0,0.0,-0.04272345199907283,0.6561743341404359,0.7976689976689978,0.8787878787878788,0.8362658846529814,prop-6,5,SVM,False
0.8787878787878788,0.4,0.2857142857142857,0.3333333333333333,0.2733045039575083,0.7049031476997578,0.8630899155489319,0.8787878787878788,0.8696969696969697,prop-6,5,RF,False
0.8484848484848485,0.125,0.07142857142857142,0.09090909090909091,0.01562316926711473,0.7151937046004843,0.8134775171065494,0.8484848484848485,0.829701978462309,prop-6,5,KNN,False
0.24242424242424243,0.12280701754385964,1.0,0.21875,0.13686955053123634,0.675544794188862,0.9069643806485912,0.24242424242424243,0.2598317736185383,prop-6,5,NB,False
0.8560606060606061,0.2727272727272727,0.21428571428571427,0.24,0.16320043678429894,0.6598062953995156,0.8415977961432506,0.8560606060606061,0.8483276277418537,prop-6,5,MLP,False
0.8939393939393939,0.0,0.0,0.0,0.0,0.5,0.799127640036731,0.8939393939393939,0.8438787878787879,prop-6,5,Majority,False
0.8712121212121212,0.38461538461538464,0.35714285714285715,0.37037037037037035,0.29900449572481586,0.6831113801452784,0.867123073005426,0.8712121212121212,0.8690988648794556,prop-6,5,DT,True
0.6439393939393939,0.14893617021276595,0.5,0.22950819672131148,0.10354239906506539,0.6531476997578692,0.8361171160920848,0.6439393939393939,0.7113099826497226,prop-6,5,LR,True
0.6590909090909091,0.13953488372093023,0.42857142857142855,0.21052631578947367,0.07556476713677826,0.6265133171912832,0.8283844454474191,0.6590909090909091,0.7219332917273421,prop-6,5,SVM,True
0.8333333333333334,0.2777777777777778,0.35714285714285715,0.3125,0.22159831990771597,0.6967312348668282,0.8528265107212475,0.8333333333333334,0.8423132183908046,prop-6,5,RF,True
0.7196969696969697,0.23255813953488372,0.7142857142857143,0.3508771929824561,0.28555527791687785,0.7360774818401936,0.8784275997497842,0.7196969696969697,0.7713673731980368,prop-6,5,KNN,True
0.16666666666666666,0.11290322580645161,1.0,0.2028985507246377,0.08748974789584249,0.6567796610169493,0.9059139784946236,0.16666666666666666,0.1350356567747872,prop-6,5,NB,True
0.803030303030303,0.2692307692307692,0.5,0.35,0.26244807937320147,0.6858353510895884,0.8634604389321371,0.803030303030303,0.8272997835497836,prop-6,5,MLP,True
0.8560606060606061,0.25,0.23076923076923078,0.24,0.16079955362105872,0.5646412411118295,0.851010101010101,0.8560606060606061,0.853482946621022,prop-6,6,DT,False
0.8863636363636364,0.0,0.0,0.0,-0.040996003084539386,0.7588881706528765,0.8113636363636364,0.8863636363636364,0.8472070098576123,prop-6,6,LR,False
0.9015151515151515,0.0,0.0,0.0,0.0,0.6399482870071106,0.8127295684113865,0.9015151515151515,0.854823131715562,prop-6,6,SVM,False
0.8712121212121212,0.3,0.23076923076923078,0.2608695652173913,0.1936228304201406,0.8080155138978667,0.8571659215101839,0.8712121212121212,0.8636144960337636,prop-6,6,RF,False
0.8787878787878788,0.2,0.07692307692307693,0.1111111111111111,0.0675993909667158,0.7698771816418875,0.8360295872106895,0.8787878787878788,0.8538227806520489,prop-6,6,KNN,False
0.21212121212121213,0.1111111111111111,1.0,0.2,0.11834526708278771,0.7155785391079509,0.9124579124579124,0.21212121212121213,0.22152872003618274,prop-6,6,NB,False
0.8636363636363636,0.14285714285714285,0.07692307692307693,0.1,0.03523990048777666,0.6263736263736264,0.8290389610389611,0.8636363636363636,0.8448584202682563,prop-6,6,MLP,False
0.9015151515151515,0.0,0.0,0.0,0.0,0.5,0.8127295684113865,0.9015151515151515,0.854823131715562,prop-6,6,Majority,False
0.8787878787878788,0.36363636363636365,0.3076923076923077,0.3333333333333333,0.2683036278038727,0.6040723981900452,0.8702729777109943,0.8787878787878788,0.8742424242424242,prop-6,6,DT,True
0.6818181818181818,0.19148936170212766,0.6923076923076923,0.3,0.2320984629978364,0.773109243697479,0.8779497098646034,0.6818181818181818,0.7454545454545455,prop-6,6,LR,True
0.803030303030303,0.25925925925925924,0.5384615384615384,0.35,0.27361060947826593,0.7860374919198448,0.8755331088664422,0.803030303030303,0.8313446969696969,prop-6,6,SVM,True
0.8484848484848485,0.26666666666666666,0.3076923076923077,0.2857142857142857,0.20209730224906824,0.801874595992243,0.8584304584304585,0.8484848484848485,0.8532540905422261,prop-6,6,RF,True
0.7121212121212122,0.2222222222222222,0.7692307692307693,0.3448275862068966,0.2986594761707897,0.8235294117647058,0.892313944038082,0.7121212121212122,0.7691765326515911,prop-6,6,KNN,True
0.18181818181818182,0.10743801652892562,1.0,0.19402985074626866,0.09965563318429557,0.7207498383968972,0.9120961682945155,0.18181818181818182,0.17167310301638658,prop-6,6,NB,True
0.8106060606060606,0.16666666666666666,0.23076923076923078,0.1935483870967742,0.09092455400574968,0.623141564318035,0.8388490164805954,0.8106060606060606,0.8238476415826548,prop-6,6,MLP,True
0.8863636363636364,0.4166666666666667,0.38461538461538464,0.4,0.3376790626042233,0.6499676793794441,0.882449494949495,0.8863636363636364,0.8843286420692279,prop-6,7,DT,False
0.8560606060606061,0.0,0.0,0.0,-0.0721254520424859,0.6700064641241111,0.8085016835016835,0.8560606060606061,0.8316017316017316,prop-6,7,LR,False
0.8863636363636364,0.0,0.0,0.0,-0.040996003084539386,0.7992889463477699,0.8113636363636364,0.8863636363636364,0.8472070098576123,prop-6,7,SVM,False
0.8939393939393939,0.46153846153846156,0.46153846153846156,0.46153846153846156,0.40271493212669685,0.7314156431803491,0.8939393939393939,0.8939393939393939,0.8939393939393939,prop-6,7,RF,False
0.8787878787878788,0.2857142857142857,0.15384615384615385,0.2,0.1486951898630576,0.711376858435682,0.8503203463203464,0.8787878787878788,0.8620963735717834,prop-6,7,KNN,False
0.26515151515151514,0.1111111111111111,0.9230769230769231,0.19834710743801653,0.08988968316207745,0.6790562378797673,0.8748947811447811,0.26515151515151514,0.30953206573041286,prop-6,7,NB,False
0.8939393939393939,0.42857142857142855,0.23076923076923078,0.3,0.26215047923833856,0.7236586942469295,0.8716017316017316,0.8939393939393939,0.8793343268753107,prop-6,7,MLP,False
0.9015151515151515,0.0,0.0,0.0,0.0,0.5,0.8127295684113865,0.9015151515151515,0.854823131715562,prop-6,7,Majority,False
0.8939393939393939,0.46153846153846156,0.46153846153846156,0.46153846153846156,0.40271493212669685,0.6945701357466064,0.8939393939393939,0.8939393939393939,0.8939393939393939,prop-6,7,DT,True
0.7651515151515151,0.23529411764705882,0.6153846153846154,0.3404255319148936,0.27043986964170497,0.6809954751131222,0.8786923860453273,0.7651515151515151,0.806254029658285,prop-6,7,LR,True
0.7575757575757576,0.1935483870967742,0.46153846153846156,0.2727272727272727,0.17675141963945987,0.6596638655462185,0.8580954869680517,0.7575757575757576,0.7972451790633609,prop-6,7,SVM,True
0.8787878787878788,0.4,0.46153846153846156,0.42857142857142855,0.36231858691499624,0.7436974789915967,0.8869722869722869,0.8787878787878788,0.8826032724337809,prop-6,7,RF,True
0.7954545454545454,0.28125,0.6923076923076923,0.4,0.34697417700561894,0.7976729153199742,0.893153409090909,0.7954545454545454,0.8297633872976338,prop-6,7,KNN,True
0.25757575757575757,0.11009174311926606,0.9230769230769231,0.19672131147540983,0.08479966709581155,0.6926308985132515,0.8731612092202441,0.25757575757575757,0.29871679155909125,prop-6,7,NB,True
0.8333333333333334,0.30434782608695654,0.5384615384615384,0.3888888888888889,0.317364023562169,0.7036199095022624,0.8818641138146522,0.8333333333333334,0.8528265107212476,prop-6,7,MLP,True
0.8484848484848485,0.26666666666666666,0.3076923076923077,0.2857142857142857,0.20209730224906824,0.5843568196509373,0.8584304584304585,0.8484848484848485,0.8532540905422261,prop-6,8,DT,False
0.8787878787878788,0.0,0.0,0.0,-0.050403879852275214,0.6974789915966387,0.8106647874089734,0.8787878787878788,0.8433528836754642,prop-6,8,LR,False
0.9015151515151515,0.0,0.0,0.0,0.0,0.6787330316742081,0.8127295684113865,0.9015151515151515,0.854823131715562,prop-6,8,SVM,False
0.8712121212121212,0.3333333333333333,0.3076923076923077,0.32,0.24923930811264103,0.7424046541693601,0.866729797979798,0.8712121212121212,0.8689057943451248,prop-6,8,RF,False
0.8712121212121212,0.0,0.0,0.0,-0.058428294055350334,0.746606334841629,0.8099550189393939,0.8712121212121212,0.8394675499938657,prop-6,8,KNN,False
0.15151515151515152,0.0975609756097561,0.9230769230769231,0.17647058823529413,-0.011462313745756448,0.614738202973497,0.8109550792477621,0.15151515151515152,0.13006907308377896,prop-6,8,NB,False
0.8712121212121212,0.25,0.15384615384615385,0.19047619047619047,0.12915730954732815,0.7246283128636071,0.8461632453567937,0.8712121212121212,0.857205209057061,prop-6,8,MLP,False
0.9015151515151515,0.0,0.0,0.0,0.0,0.5,0.8127295684113865,0.9015151515151515,0.854823131715562,prop-6,8,Majority,False
0.8636363636363636,0.3333333333333333,0.38461538461538464,0.35714285714285715,0.28220794458203224,0.6373626373626373,0.8727013727013727,0.8636363636363636,0.8679286814880035,prop-6,8,DT,True
0.6590909090909091,0.15217391304347827,0.5384615384615384,0.23728813559322035,0.1317784217074507,0.6528765352294764,0.8536055703649232,0.6590909090909091,0.7269908677515126,prop-6,8,LR,True
0.6893939393939394,0.16666666666666666,0.5384615384615384,0.2545454545454545,0.15631503171567185,0.6800258564964449,0.8578282828282828,0.6893939393939394,0.7497317674351167,prop-6,8,SVM,True
0.8181818181818182,0.23809523809523808,0.38461538461538464,0.29411764705882354,0.20379553813701157,0.6793794440853265,0.8599898599898599,0.8181818181818182,0.8364101371774008,prop-6,8,RF,True
0.7803030303030303,0.25,0.6153846153846154,0.35555555555555557,0.2876469861186478,0.7456367162249515,0.881060606060606,0.7803030303030303,0.8171532678381992,prop-6,8,KNN,True
0.1590909090909091,0.09836065573770492,0.9230769230769231,0.17777777777777778,-0.0014558107550386513,0.5921137685843568,0.8210506706408347,0.1590909090909091,0.14330122934774098,prop-6,8,NB,True
0.8257575757575758,0.25,0.38461538461538464,0.30303030303030304,0.21487744199863817,0.6884292178409825,0.8617424242424242,0.8257575757575758,0.8415977961432507,prop-6,8,MLP,True
0.8939393939393939,0.42857142857142855,0.23076923076923078,0.3,0.26215047923833856,0.5801551389786684,0.8716017316017316,0.8939393939393939,0.8793343268753107,prop-6,9,DT,False
0.9015151515151515,0.0,0.0,0.0,0.0,0.7672915319974143,0.8127295684113865,0.9015151515151515,0.854823131715562,prop-6,9,LR,False
0.9015151515151515,0.0,0.0,0.0,0.0,0.7963800904977376,0.8127295684113865,0.9015151515151515,0.854823131715562,prop-6,9,SVM,False
0.9090909090909091,0.6666666666666666,0.15384615384615385,0.25,0.290791614532357,0.7789269553975436,0.8902983321587973,0.9090909090909091,0.8825146627565983,prop-6,9,RF,False
0.8863636363636364,0.25,0.07692307692307693,0.11764705882352941,0.08988968316207743,0.7624434389140271,0.8416193181818182,0.8863636363636364,0.8583537205828228,prop-6,9,KNN,False
0.16666666666666666,0.10569105691056911,1.0,0.19117647058823528,0.08940604721690029,0.7802197802197802,0.9119241192411924,0.16666666666666666,0.14560355392156862,prop-6,9,NB,False
0.9166666666666666,1.0,0.15384615384615385,0.26666666666666666,0.3752711051584759,0.8758888170652878,0.9237179487179487,0.9166666666666666,0.8879518072289156,prop-6,9,MLP,False
0.9015151515151515,0.0,0.0,0.0,0.0,0.5,0.8127295684113865,0.9015151515151515,0.854823131715562,prop-6,9,Majority,False
0.9090909090909091,0.5555555555555556,0.38461538461538464,0.45454545454545453,0.4149357575963834,0.6616031027795733,0.8975938244230927,0.9090909090909091,0.9015777610818934,prop-6,9,DT,True
0.696969696969697,0.2,0.6923076923076923,0.3103448275862069,0.24502267228705604,0.7504848093083387,0.8797631487286658,0.696969696969697,0.7570279291069381,prop-6,9,LR,True
0.8257575757575758,0.2727272727272727,0.46153846153846156,0.34285714285714286,0.2615156459876071,0.7608274078862315,0.8710055096418734,0.8257575757575758,0.8447361953912172,prop-6,9,SVM,True
0.8863636363636364,0.4,0.3076923076923077,0.34782608695652173,0.2897063402526916,0.7850678733031675,0.8744038748137108,0.8863636363636364,0.8796598494415561,prop-6,9,RF,True
0.7424242424242424,0.2558139534883721,0.8461538461538461,0.39285714285714285,0.36700930129418274,0.775048480930834,0.9064501825149852,0.7424242424242424,0.7928425740925741,prop-6,9,KNN,True
0.15151515151515152,0.104,1.0,0.18840579710144928,0.07821538888750429,0.7782805429864253,0.9117575757575758,0.15151515151515152,0.1187234665495535,prop-6,9,NB,True
0.8636363636363636,0.35294117647058826,0.46153846153846156,0.4,0.3283352950119713,0.8248222365869424,0.8813996744943037,0.8636363636363636,0.8715617715617716,prop-6,9,MLP,True
0.7202072538860104,0.3333333333333333,0.4594594594594595,0.38636363636363635,0.21561072122624472,0.6278586278586278,0.7583497530954293,0.7202072538860104,0.7358911822259876,camel-1.6,0,DT,False
0.7875647668393783,0.3,0.08108108108108109,0.1276595744680851,0.06430690084301399,0.700970200970201,0.7156289815679946,0.7875647668393783,0.7350059462080363,camel-1.6,0,LR,False
0.8082901554404145,0.5,0.05405405405405406,0.0975609756097561,0.11393388278995989,0.7437629937629938,0.7544617156016118,0.8082901554404145,0.7403073643261776,camel-1.6,0,SVM,False
0.8082901554404145,0.5,0.24324324324324326,0.32727272727272727,0.2511718895245208,0.7318087318087318,0.7748186528497409,0.8082901554404145,0.7806788831286743,camel-1.6,0,RF,False
0.7668393782383419,0.2777777777777778,0.13513513513513514,0.18181818181818182,0.07012175067024437,0.624047124047124,0.7137412616169092,0.7668393782383419,0.7332581011024415,camel-1.6,0,KNN,False
0.772020725388601,0.37037037037037035,0.2702702702702703,0.3125,0.1830419330847483,0.6502945252945254,0.7478249208694304,0.772020725388601,0.7577498954075885,camel-1.6,0,NB,False
0.7875647668393783,0.4230769230769231,0.2972972972972973,0.3492063492063492,0.23191249539909561,0.7257449757449758,0.7635565855137076,0.7875647668393783,0.7726361519973864,camel-1.6,0,MLP,False
0.8082901554404145,0.0,0.0,0.0,0.0,0.5,0.6533329753818894,0.8082901554404145,0.7225975028579062,camel-1.6,0,Majority,False
0.7098445595854922,0.28888888888888886,0.35135135135135137,0.3170731707317073,0.1361263409210093,0.5838530838530839,0.7325989201636871,0.7098445595854922,0.720180648765855,camel-1.6,0,DT,True
0.6632124352331606,0.3157894736842105,0.6486486486486487,0.4247787610619469,0.25404374118044964,0.7124047124047125,0.7790200890828105,0.6632124352331606,0.6972743886861912,camel-1.6,0,LR,True
0.6528497409326425,0.3026315789473684,0.6216216216216216,0.40707964601769914,0.22710393785746788,0.7016632016632016,0.7695891282610672,0.6528497409326425,0.68795975449192,camel-1.6,0,SVM,True
0.7668393782383419,0.4,0.43243243243243246,0.4155844155844156,0.27054977190811313,0.7566701316701318,0.7740323072234075,0.7668393782383419,0.7702496205942052,camel-1.6,0,RF,True
0.616580310880829,0.2716049382716049,0.5945945945945946,0.3728813559322034,0.17260276809948455,0.6554054054054055,0.7521063501201671,0.616580310880829,0.6565905870664243,camel-1.6,0,KNN,True
0.7564766839378239,0.34375,0.2972972972972973,0.3188405797101449,0.17219260801867345,0.6595634095634096,0.7436590850577671,0.7564766839378239,0.7495739062686175,camel-1.6,0,NB,True
0.7564766839378239,0.391304347826087,0.4864864864864865,0.43373493975903615,0.2836370587054856,0.7122314622314624,0.7788341739038486,0.7564766839378239,0.7660630723787779,camel-1.6,0,MLP,True
0.7357512953367875,0.325,0.35135135135135137,0.33766233766233766,0.1731316637397067,0.6003118503118503,0.7438052423041756,0.7357512953367875,0.7396162366734326,camel-1.6,1,DT,False
0.8134715025906736,0.6666666666666666,0.05405405405405406,0.1,0.1516114861179219,0.7018364518364518,0.7872011635305881,0.8134715025906736,0.7433615861511276,camel-1.6,1,LR,False
0.8082901554404145,0.0,0.0,0.0,0.0,0.6841649341649342,0.6533329753818894,0.8082901554404145,0.7225975028579062,camel-1.6,1,SVM,False
0.8031088082901554,0.4444444444444444,0.10810810810810811,0.17391304347826086,0.14199439210992898,0.7373527373527374,0.7485294485745037,0.8031088082901554,0.7512926864821171,camel-1.6,1,RF,False
0.7823834196891192,0.38095238095238093,0.21621621621621623,0.27586206896551724,0.1679802920228328,0.6583506583506584,0.7450409974810506,0.7823834196891192,0.7576750611172361,camel-1.6,1,KNN,False
0.7927461139896373,0.4117647058823529,0.1891891891891892,0.25925925925925924,0.17373736951797825,0.6654539154539155,0.749452772159264,0.7927461139896373,0.7606083516564819,camel-1.6,1,NB,False
0.7979274611398963,0.4583333333333333,0.2972972972972973,0.36065573770491804,0.2552435775867512,0.6751559251559253,0.771804835924007,0.7979274611398963,0.7804365922024972,camel-1.6,1,MLP,False
0.8082901554404145,0.0,0.0,0.0,0.0,0.5,0.6533329753818894,0.8082901554404145,0.7225975028579062,camel-1.6,1,Majority,False
0.7253886010362695,0.2894736842105263,0.2972972972972973,0.29333333333333333,0.12296976612698624,0.5844594594594594,0.728200955338371,0.7253886010362695,0.7267778462700409,camel-1.6,1,DT,True
0.694300518134715,0.3382352941176471,0.6216216216216216,0.4380952380952381,0.2745406516382978,0.6902286902286902,0.7826046936909479,0.694300518134715,0.7225651575696751,camel-1.6,1,LR,True
0.6062176165803109,0.25925925925925924,0.5675675675675675,0.3559322033898305,0.1459315637414377,0.6444906444906445,0.7425226855278667,0.6062176165803109,0.647309251581733,camel-1.6,1,SVM,True
0.7772020725388601,0.375,0.24324324324324326,0.29508196721311475,0.17546704240579092,0.7252252252252253,0.7462634515743325,0.7772020725388601,0.7579172683258302,camel-1.6,1,RF,True
0.6217616580310881,0.2804878048780488,0.6216216216216216,0.3865546218487395,0.19384060090619884,0.6400727650727651,0.7601159228228608,0.6217616580310881,0.6614032933427199,camel-1.6,1,KNN,True
0.7875647668393783,0.4,0.21621621621621623,0.2807017543859649,0.17990980719771846,0.6660602910602911,0.7494803677857977,0.7875647668393783,0.7613742768341868,camel-1.6,1,NB,True
0.7616580310880829,0.38461538461538464,0.40540540540540543,0.39473684210526316,0.24661006134175445,0.6470893970893972,0.7665546888344814,0.7616580310880829,0.7640252645653914,camel-1.6,1,MLP,True
0.7823834196891192,0.4473684210526316,0.4473684210526316,0.4473684210526316,0.31188455008488963,0.6541595925297113,0.7823834196891192,0.7823834196891192,0.7823834196891192,camel-1.6,2,DT,False
0.8082901554404145,0.5333333333333333,0.21052631578947367,0.3018867924528302,0.24560979283990103,0.6947368421052632,0.7727620267411849,0.8082901554404145,0.7733133465854161,camel-1.6,2,LR,False
0.8082901554404145,0.6,0.07894736842105263,0.13953488372093023,0.16532100134663805,0.6589134125636672,0.7717285856024694,0.8082901554404145,0.7439492692399976,camel-1.6,2,SVM,False
0.7927461139896373,0.45,0.23684210526315788,0.3103448275862069,0.2164207346460173,0.714516129032258,0.7570846686034323,0.7927461139896373,0.7662728726626198,camel-1.6,2,RF,False
0.7772020725388601,0.35294117647058826,0.15789473684210525,0.21818181818181817,0.12196396059720073,0.6662988115449915,0.7265800338034414,0.7772020725388601,0.7417355307216459,camel-1.6,2,KNN,False
0.7979274611398963,0.4827586206896552,0.3684210526315789,0.417910447761194,0.3023022727593288,0.6852292020373514,0.7806316101395782,0.7979274611398963,0.7872059780038201,camel-1.6,2,NB,False
0.7564766839378239,0.36363636363636365,0.3157894736842105,0.3380281690140845,0.19043637592028825,0.6764006791171479,0.7442004239284031,0.7564766839378239,0.7498346440183994,camel-1.6,2,MLP,False
0.8031088082901554,0.0,0.0,0.0,0.0,0.5,0.6449837579532336,0.8031088082901554,0.7154130188791615,camel-1.6,2,Majority,False
0.6683937823834197,0.25925925925925924,0.3684210526315789,0.30434782608695654,0.09775780221158542,0.5531409168081494,0.7154884037502295,0.6683937823834197,0.6882058072158802,camel-1.6,2,DT,True
0.6373056994818653,0.3048780487804878,0.6578947368421053,0.4166666666666667,0.2334081410485911,0.6877758913412564,0.7690788222824113,0.6373056994818652,0.6738023816016725,camel-1.6,2,LR,True
0.6580310880829016,0.3157894736842105,0.631578947368421,0.42105263157894735,0.24098449795562374,0.6964346349745332,0.769186484212391,0.6580310880829016,0.6911383724474245,camel-1.6,2,SVM,True
0.7616580310880829,0.40476190476190477,0.4473684210526316,0.425,0.27569515816241696,0.7261460101867572,0.7711122331099683,0.7616580310880829,0.7660587896643978,camel-1.6,2,RF,True
0.6580310880829016,0.3108108108108108,0.6052631578947368,0.4107142857142857,0.2259126578132092,0.6894736842105263,0.7630725165013492,0.6580310880829017,0.6905252664962963,camel-1.6,2,KNN,True
0.7875647668393783,0.45161290322580644,0.3684210526315789,0.4057971014492754,0.28021344239745066,0.6928692699490662,0.7730483282881745,0.7875647668393783,0.7791345660263476,camel-1.6,2,NB,True
0.7046632124352331,0.28888888888888886,0.34210526315789475,0.3132530120481928,0.12757101687832328,0.6417657045840407,0.7243282142245873,0.7046632124352331,0.7137056923121616,camel-1.6,2,MLP,True
0.7564766839378239,0.30434782608695654,0.18421052631578946,0.22950819672131148,0.09939678857658413,0.5404923599320882,0.7165829611862767,0.7564766839378239,0.7321550614509078,camel-1.6,3,DT,False
0.8031088082901554,0.5,0.05263157894736842,0.09523809523809523,0.11089125849355203,0.7468590831918506,0.7485812978040958,0.8031088082901554,0.7331448424652425,camel-1.6,3,LR,False
0.8031088082901554,0.0,0.0,0.0,0.0,0.6624787775891341,0.6449837579532336,0.8031088082901554,0.7154130188791615,camel-1.6,3,SVM,False
0.8290155440414507,0.8571428571428571,0.15789473684210525,0.26666666666666666,0.3221081510104543,0.7482173174872666,0.833703429558352,0.8290155440414507,0.7778929188255612,camel-1.6,3,RF,False
0.7823834196891192,0.3,0.07894736842105263,0.125,0.060613572852842496,0.7087436332767403,0.708576120501713,0.7823834196891192,0.7279256216083638,camel-1.6,3,KNN,False
0.8031088082901554,0.5,0.2631578947368421,0.3448275862068966,0.2591732441513206,0.7103565365025467,0.7715714756356884,0.8031088082901554,0.7779592290294887,camel-1.6,3,NB,False
0.7564766839378239,0.30434782608695654,0.18421052631578946,0.22950819672131148,0.09939678857658413,0.7249575551782682,0.7165829611862767,0.7564766839378239,0.7321550614509078,camel-1.6,3,MLP,False
0.8031088082901554,0.0,0.0,0.0,0.0,0.5,0.6449837579532336,0.8031088082901554,0.7154130188791615,camel-1.6,3,Majority,False
0.7253886010362695,0.3076923076923077,0.3157894736842105,0.3116883116883117,0.14022186507408166,0.5707979626485569,0.728100914629412,0.7253886010362695,0.7267274369241269,camel-1.6,3,DT,True
0.7202072538860104,0.35714285714285715,0.5263157894736842,0.425531914893617,0.2576534388068587,0.7521222410865873,0.7679091454289065,0.7202072538860104,0.7383721720430757,camel-1.6,3,LR,True
0.7253886010362695,0.3684210526315789,0.5526315789473685,0.4421052631578947,0.27925912360768207,0.7546689303904924,0.7752590673575129,0.7253886010362695,0.7438847639905276,camel-1.6,3,SVM,True
0.7979274611398963,0.47368421052631576,0.23684210526315788,0.3157894736842105,0.23001542984249368,0.7973684210526316,0.7625215889464595,0.7979274611398963,0.7700836259980786,camel-1.6,3,RF,True
0.6839378238341969,0.3230769230769231,0.5526315789473685,0.4077669902912621,0.22613178157172628,0.7292020373514432,0.7600569200876843,0.683937823834197,0.7102862779177985,camel-1.6,3,KNN,True
0.7927461139896373,0.45,0.23684210526315788,0.3103448275862069,0.2164207346460173,0.666044142614601,0.7570846686034323,0.7927461139896373,0.7662728726626198,camel-1.6,3,NB,True
0.7305699481865285,0.325,0.34210526315789475,0.3333333333333333,0.16472629601675187,0.635483870967742,0.7358715161366791,0.7305699481865285,0.7331494067245362,camel-1.6,3,MLP,True
0.7409326424870466,0.3695652173913043,0.4473684210526316,0.40476190476190477,0.24291085590244416,0.6301358234295416,0.7611431146011006,0.7409326424870466,0.7498378275923485,camel-1.6,4,DT,False
0.7979274611398963,0.3333333333333333,0.02631578947368421,0.04878048780487805,0.04311535993879137,0.6821731748726655,0.7123443323334242,0.7979274611398963,0.7219270435551843,camel-1.6,4,LR,False
0.8031088082901554,0.0,0.0,0.0,0.0,0.6735144312393888,0.6449837579532336,0.8031088082901554,0.7154130188791615,camel-1.6,4,SVM,False
0.7979274611398963,0.4444444444444444,0.10526315789473684,0.1702127659574468,0.13768310196135655,0.71723259762309,0.7422154639433305,0.7979274611398963,0.7442291538824007,camel-1.6,4,RF,False
0.772020725388601,0.25,0.07894736842105263,0.12,0.03438884214466776,0.6024617996604414,0.697034322846592,0.772020725388601,0.7215667406859118,camel-1.6,4,KNN,False
0.7823834196891192,0.375,0.15789473684210525,0.2222222222222222,0.1346661417620699,0.7101867572156196,0.7317481923831269,0.7823834196891192,0.7452643041943249,camel-1.6,4,NB,False
0.7927461139896373,0.45,0.23684210526315788,0.3103448275862069,0.2164207346460173,0.6908319185059423,0.7570846686034323,0.7927461139896373,0.7662728726626198,camel-1.6,4,MLP,False
0.8031088082901554,0.0,0.0,0.0,0.0,0.5,0.6449837579532336,0.8031088082901554,0.7154130188791615,camel-1.6,4,Majority,False
0.7046632124352331,0.32075471698113206,0.4473684210526316,0.37362637362637363,0.1916536147587645,0.6075551782682512,0.7457962655196012,0.7046632124352331,0.721495594069582,camel-1.6,4,DT,True
0.6424870466321243,0.26865671641791045,0.47368421052631576,0.34285714285714286,0.13160356527430755,0.6865874363327674,0.7285273607290466,0.6424870466321243,0.6734097057405745,camel-1.6,4,LR,True
0.6476683937823834,0.2972972972972973,0.5789473684210527,0.39285714285714285,0.19911416798041917,0.7280135823429541,0.7536630112064432,0.6476683937823834,0.6811472442689114,camel-1.6,4,SVM,True
0.7823834196891192,0.4523809523809524,0.5,0.475,0.33885143771772436,0.7582342954159592,0.7911252069025807,0.7823834196891192,0.786401503606624,camel-1.6,4,RF,True
0.616580310880829,0.275,0.5789473684210527,0.3728813559322034,0.1652743451873167,0.648471986417657,0.7435393644825531,0.616580310880829,0.6547719381488971,camel-1.6,4,KNN,True
0.7875647668393783,0.42105263157894735,0.21052631578947367,0.2807017543859649,0.18627850574436433,0.7212224108658744,0.7475433267822048,0.7875647668393783,0.7582930427159289,camel-1.6,4,NB,True
0.7305699481865285,0.34782608695652173,0.42105263157894735,0.38095238095238093,0.21232912388080571,0.6602716468590832,0.7513995460765968,0.7305699481865285,0.7398313406960423,camel-1.6,4,MLP,True
0.7253886010362695,0.32608695652173914,0.40540540540540543,0.3614457831325301,0.1909588098395284,0.6014379764379765,0.7498356404963427,0.7253886010362695,0.7361987837462814,camel-1.6,5,DT,False
0.8082901554404145,0.5,0.10810810810810811,0.17777777777777778,0.1628594387607518,0.7169092169092169,0.7599635905335388,0.8082901554404145,0.7546688681905128,camel-1.6,5,LR,False
0.8238341968911918,1.0,0.08108108108108109,0.15,0.2580151836479544,0.6547124047124048,0.8553586037632942,0.8238341968911918,0.7576192758093985,camel-1.6,5,SVM,False
0.8082901554404145,0.5,0.21621621621621623,0.3018867924528302,0.23546543418983598,0.7326749826749828,0.7717133573373144,0.8082901554404145,0.7763548082249813,camel-1.6,5,RF,False
0.7668393782383419,0.3,0.16216216216216217,0.21052631578947367,0.09353519826946059,0.653066528066528,0.7209649884692564,0.7668393782383419,0.7380937184765463,camel-1.6,5,KNN,False
0.7875647668393783,0.4,0.21621621621621623,0.2807017543859649,0.17990980719771846,0.6476957726957728,0.7494803677857977,0.7875647668393783,0.7613742768341868,camel-1.6,5,NB,False
0.7564766839378239,0.35294117647058826,0.32432432432432434,0.3380281690140845,0.18940196736167983,0.7319819819819819,0.7488628064384422,0.7564766839378239,0.7524914599861691,camel-1.6,5,MLP,False
0.8082901554404145,0.0,0.0,0.0,0.0,0.5,0.6533329753818894,0.8082901554404145,0.7225975028579062,camel-1.6,5,Majority,False
0.694300518134715,0.28846153846153844,0.40540540540540543,0.33707865168539325,0.14926048228126426,0.5841129591129591,0.7374748776744148,0.694300518134715,0.7123420265412465,camel-1.6,5,DT,True
0.689119170984456,0.3283582089552239,0.5945945945945946,0.4230769230769231,0.25313413552784203,0.7066874566874568,0.7750146381342731,0.689119170984456,0.7174215377831297,camel-1.6,5,LR,True
0.6839378238341969,0.3235294117647059,0.5945945945945946,0.41904761904761906,0.24698664967979986,0.7352737352737353,0.7733191100274307,0.6839378238341969,0.7131605866398336,camel-1.6,5,SVM,True
0.7927461139896373,0.45161290322580644,0.3783783783783784,0.4117647058823529,0.28882107357233533,0.7624740124740125,0.780111550628014,0.7927461139896373,0.7855577855347831,camel-1.6,5,RF,True
0.6580310880829016,0.2898550724637681,0.5405405405405406,0.37735849056603776,0.1859846228708637,0.7007969507969508,0.7530442534039682,0.6580310880829016,0.6901079563705432,camel-1.6,5,KNN,True
0.7927461139896373,0.43478260869565216,0.2702702702702703,0.3333333333333333,0.22712759630055362,0.6502945252945254,0.7632667664948385,0.7927461139896373,0.7730167307712685,camel-1.6,5,NB,True
0.7461139896373057,0.375,0.4864864864864865,0.4235294117647059,0.2678982674137233,0.7195079695079695,0.7742674647132392,0.7461139896373057,0.7579027948087296,camel-1.6,5,MLP,True
0.694300518134715,0.2608695652173913,0.32432432432432434,0.2891566265060241,0.0982805609735712,0.5510221760221761,0.7208371070888369,0.694300518134715,0.706334495113785,camel-1.6,6,DT,False
0.8238341968911918,0.6666666666666666,0.16216216216216217,0.2608695652173913,0.2668459532817572,0.6958593208593209,0.7999173988135466,0.8238341968911918,0.7774724036945257,camel-1.6,6,LR,False
0.8082901554404145,0.5,0.02702702702702703,0.05128205128205128,0.08014051310885156,0.6930873180873182,0.7517971950193962,0.8082901554404145,0.7319348711593116,camel-1.6,6,SVM,False
0.7979274611398963,0.4166666666666667,0.13513513513513514,0.20408163265306123,0.14714470940253566,0.7423769923769924,0.7452671304115497,0.7979274611398963,0.7538736162966594,camel-1.6,6,RF,False
0.7875647668393783,0.3,0.08108108108108109,0.1276595744680851,0.06430690084301399,0.711018711018711,0.7156289815679946,0.7875647668393783,0.7350059462080363,camel-1.6,6,KNN,False
0.7979274611398963,0.45454545454545453,0.2702702702702703,0.3389830508474576,0.23949234574903044,0.6783610533610535,0.767806232491261,0.7979274611398963,0.7768749652549222,camel-1.6,6,NB,False
0.7979274611398963,0.4583333333333333,0.2972972972972973,0.36065573770491804,0.2552435775867512,0.7483541233541233,0.771804835924007,0.7979274611398963,0.7804365922024972,camel-1.6,6,MLP,False
0.8082901554404145,0.0,0.0,0.0,0.0,0.5,0.6533329753818894,0.8082901554404145,0.7225975028579062,camel-1.6,6,Majority,False
0.7357512953367875,0.3409090909090909,0.40540540540540543,0.37037037037037035,0.20596526321987713,0.607848232848233,0.7543009291018472,0.7357512953367875,0.7441370870573282,camel-1.6,6,DT,True
0.6476683937823834,0.29333333333333333,0.5945945945945946,0.39285714285714285,0.20581540413759017,0.6856375606375607,0.7617762946049588,0.6476683937823834,0.6830071804070518,camel-1.6,6,LR,True
0.6580310880829016,0.2835820895522388,0.5135135135135135,0.36538461538461536,0.17018865478612127,0.6681392931392931,0.7471856115425831,0.6580310880829016,0.6891636915614425,camel-1.6,6,SVM,True
0.8186528497409327,0.5416666666666666,0.35135135135135137,0.4262295081967213,0.33502011276771154,0.7617810117810118,0.7973462202736815,0.8186528497409327,0.8029559160791644,camel-1.6,6,RF,True
0.6632124352331606,0.3055555555555556,0.5945945945945946,0.4036697247706422,0.22309219913655398,0.6791406791406791,0.7666669045613935,0.6632124352331606,0.6960066405262587,camel-1.6,6,KNN,True
0.7875647668393783,0.4375,0.3783783783783784,0.4057971014492754,0.2783688806947245,0.6868503118503119,0.7766931902294596,0.7875647668393783,0.7815431948300706,camel-1.6,6,NB,True
0.7202072538860104,0.28205128205128205,0.2972972972972973,0.2894736842105263,0.11549231522892082,0.6953395703395704,0.7258975911825654,0.7202072538860104,0.7229861801419812,camel-1.6,6,MLP,True
0.7150259067357513,0.2926829268292683,0.3157894736842105,0.3037974683544304,0.12511167425788075,0.5643463497453312,0.7233616234444319,0.7150259067357513,0.7190444256775883,camel-1.6,7,DT,False
0.7772020725388601,0.3076923076923077,0.10526315789473684,0.1568627450980392,0.0748823076877545,0.6852292020373515,0.7119923829768389,0.7772020725388601,0.7309080928790974,camel-1.6,7,LR,False
0.7823834196891192,0.25,0.05263157894736842,0.08695652173913043,0.027773163272730123,0.6558573853989813,0.6960509732530458,0.7823834196891192,0.721022222811179,camel-1.6,7,SVM,False
0.7927461139896373,0.4375,0.18421052631578946,0.25925925925925924,0.1819217151440326,0.6670628183361629,0.7485912297649365,0.7927461139896373,0.7573945754231663,camel-1.6,7,RF,False
0.7668393782383419,0.29411764705882354,0.13157894736842105,0.18181818181818182,0.07598926451270906,0.6582342954159592,0.7104350807680586,0.7668393782383419,0.7297232298249783,camel-1.6,7,KNN,False
0.772020725388601,0.36363636363636365,0.21052631578947367,0.26666666666666666,0.15040636474785518,0.6528013582342954,0.7338093231193857,0.772020725388601,0.7472180721997944,camel-1.6,7,NB,False
0.7772020725388601,0.42424242424242425,0.3684210526315789,0.39436619718309857,0.2596533637783215,0.6774193548387096,0.7661720835295965,0.7772020725388601,0.7711253126125783,camel-1.6,7,MLP,False
0.8031088082901554,0.0,0.0,0.0,0.0,0.5,0.6449837579532336,0.8031088082901554,0.7154130188791615,camel-1.6,7,Majority,False
0.7253886010362695,0.32558139534883723,0.3684210526315789,0.345679012345679,0.17327413838882644,0.5918505942275042,0.7387155078925172,0.7253886010362695,0.731613348391853,camel-1.6,7,DT,True
0.6683937823834197,0.3088235294117647,0.5526315789473685,0.39622641509433965,0.207613067648412,0.6796264855687606,0.7546906430966169,0.6683937823834197,0.6975545717358211,camel-1.6,7,LR,True
0.6373056994818653,0.30952380952380953,0.6842105263157895,0.4262295081967213,0.24865101352862193,0.6969439728353141,0.7756356713907695,0.6373056994818653,0.6740841267512465,camel-1.6,7,SVM,True
0.7668393782383419,0.3870967741935484,0.3157894736842105,0.34782608695652173,0.2092407463571515,0.6963497453310696,0.7504307471993694,0.7668393782383419,0.7575867188094059,camel-1.6,7,RF,True
0.5958549222797928,0.2826086956521739,0.6842105263157895,0.4,0.20573226358756783,0.6284380305602717,0.7633331028529751,0.5958549222797928,0.6371680699481865,camel-1.6,7,KNN,True
0.7616580310880829,0.3333333333333333,0.21052631578947367,0.25806451612903225,0.1293035527464045,0.6532258064516129,0.7261755117474527,0.7616580310880829,0.7398978174787412,camel-1.6,7,NB,True
0.7150259067357513,0.3508771929824561,0.5263157894736842,0.42105263157894735,0.25069684970398165,0.6920203735144311,0.7658996240983441,0.7150259067357513,0.7342200381033777,camel-1.6,7,MLP,True
0.6994818652849741,0.3148148148148148,0.4473684210526316,0.3695652173913043,0.18483744448928996,0.602546689303905,0.7437600869218269,0.6994818652849741,0.7174365127893916,camel-1.6,8,DT,False
0.8186528497409327,0.7142857142857143,0.13157894736842105,0.2222222222222222,0.25241434703621923,0.7064516129032258,0.8012583271650631,0.8186528497409327,0.7644318836028682,camel-1.6,8,LR,False
0.8031088082901554,0.5,0.05263157894736842,0.09523809523809523,0.11089125849355203,0.7349745331069609,0.7485812978040958,0.8031088082901554,0.7331448424652425,camel-1.6,8,SVM,False
0.7875647668393783,0.42105263157894735,0.21052631578947367,0.2807017543859649,0.18627850574436433,0.7084889643463498,0.7475433267822048,0.7875647668393783,0.7582930427159289,camel-1.6,8,RF,False
0.7772020725388601,0.35294117647058826,0.15789473684210525,0.21818181818181817,0.12196396059720073,0.720458404074703,0.7265800338034414,0.7772020725388601,0.7417355307216459,camel-1.6,8,KNN,False
0.7823834196891192,0.42857142857142855,0.3157894736842105,0.36363636363636365,0.24000798659835954,0.6898132427843803,0.7609402687122894,0.7823834196891192,0.7692975741874706,camel-1.6,8,NB,False
0.7512953367875648,0.35294117647058826,0.3157894736842105,0.3333333333333333,0.18146976990592084,0.7193548387096774,0.7412738484777037,0.7512953367875648,0.7459709800556636,camel-1.6,8,MLP,False
0.8031088082901554,0.0,0.0,0.0,0.0,0.5,0.6449837579532336,0.8031088082901554,0.7154130188791615,camel-1.6,8,Majority,False
0.6994818652849741,0.3,0.39473684210526316,0.3409090909090909,0.15332480197503942,0.5844651952461799,0.7330048190151818,0.6994818652849741,0.7139210374074928,camel-1.6,8,DT,True
0.6476683937823834,0.3125,0.6578947368421053,0.423728813559322,0.2446224760857051,0.6954159592529712,0.7722442569581366,0.6476683937823834,0.6827634026233109,camel-1.6,8,LR,True
0.6424870466321243,0.2987012987012987,0.6052631578947368,0.4,0.2085964549567679,0.7113752122241086,0.7580701860226605,0.6424870466321243,0.6773837064795518,camel-1.6,8,SVM,True
0.7357512953367875,0.3617021276595745,0.4473684210526316,0.4,0.2351571501698679,0.7297962648556877,0.7588091207415473,0.7357512953367875,0.7457903706126383,camel-1.6,8,RF,True
0.6632124352331606,0.32,0.631578947368421,0.4247787610619469,0.2468189025578007,0.7205432937181664,0.7708298937384737,0.6632124352331606,0.6955276218424459,camel-1.6,8,KNN,True
0.7668393782383419,0.3939393939393939,0.34210526315789475,0.36619718309859156,0.22504486984930486,0.6852292020373514,0.7551862537289998,0.7668393782383419,0.7604799783154887,camel-1.6,8,NB,True
0.7253886010362695,0.3469387755102041,0.4473684210526316,0.39080459770114945,0.2201128829276619,0.7196943972835314,0.7542979627083992,0.7253886010362695,0.7376977115268593,camel-1.6,8,MLP,True
0.7305699481865285,0.3055555555555556,0.2894736842105263,0.2972972972972973,0.1308543690275115,0.5751273344651954,0.7251557521020576,0.7305699481865285,0.7277925593987771,camel-1.6,9,DT,False
0.8031088082901554,0.5,0.07894736842105263,0.13636363636363635,0.13653784392668133,0.7343803056027165,0.7512399213100219,0.8031088082901554,0.7407232951274402,camel-1.6,9,LR,False
0.8031088082901554,0.5,0.02631578947368421,0.05,0.0780003466689778,0.6247028862478777,0.7459783522773513,0.8031088082901554,0.7247506663871336,camel-1.6,9,SVM,False
0.7875647668393783,0.36363636363636365,0.10526315789473684,0.16326530612244897,0.10308929700562776,0.7478777589134126,0.7246742894411289,0.7875647668393783,0.7375467091558261,camel-1.6,9,RF,False
0.7357512953367875,0.25925925925925924,0.18421052631578946,0.2153846153846154,0.06325426118224525,0.6554329371816638,0.7041765218617706,0.7357512953367875,0.7179194153384265,camel-1.6,9,KNN,False
0.8082901554404145,0.5294117647058824,0.23684210526315788,0.32727272727272727,0.2598880488506758,0.764006791171477,0.7750148929095897,0.8082901554404145,0.7777724334116489,camel-1.6,9,NB,False
0.7772020725388601,0.391304347826087,0.23684210526315788,0.29508196721311475,0.17983108708929163,0.6882003395585738,0.7431522732994978,0.7772020725388601,0.7549503753699796,camel-1.6,9,MLP,False
0.8031088082901554,0.0,0.0,0.0,0.0,0.5,0.6449837579532336,0.8031088082901554,0.7154130188791615,camel-1.6,9,Majority,False
0.7202072538860104,0.3181818181818182,0.3684210526315789,0.34146341463414637,0.16575250663717073,0.5980475382003396,0.7363961976056422,0.7202072538860104,0.7276824612396655,camel-1.6,9,DT,True
0.689119170984456,0.3472222222222222,0.6578947368421053,0.45454545454545453,0.2916230576579556,0.7207979626485569,0.7851893879920259,0.689119170984456,0.718015933154478,camel-1.6,9,LR,True
0.6787564766839378,0.34615384615384615,0.7105263157894737,0.46551724137931033,0.30913572975318004,0.7289473684210526,0.7944443481726653,0.6787564766839378,0.7103474745068455,camel-1.6,9,SVM,True
0.7875647668393783,0.43478260869565216,0.2631578947368421,0.32786885245901637,0.22004823634564538,0.7504244482173175,0.7564369293561083,0.7875647668393783,0.7663480323295153,camel-1.6,9,RF,True
0.6580310880829016,0.3055555555555556,0.5789473684210527,0.4,0.21079502970967592,0.6882003395585738,0.7570737997021558,0.6580310880829014,0.6898175264699257,camel-1.6,9,KNN,True
0.8238341968911918,0.6,0.3157894736842105,0.41379310344827586,0.34467826316192723,0.7813242784380305,0.8005450897002007,0.8238341968911918,0.8013319417632268,camel-1.6,9,NB,True
0.6994818652849741,0.2916666666666667,0.3684210526315789,0.32558139534883723,0.13712992822870576,0.6637521222410866,0.7276070513965816,0.6994818652849741,0.7119452142828453,camel-1.6,9,MLP,True
0.8,0.3157894736842105,0.2727272727272727,0.2926829268292683,0.17758752951359705,0.5835181079083518,0.7884711779448621,0.8,0.7938877461063767,xalan-2.4,0,DT,False
0.8689655172413793,1.0,0.13636363636363635,0.24,0.34368269915033905,0.7904656319290466,0.8864983001457017,0.8689655172413793,0.8238698763825634,xalan-2.4,0,LR,False
0.8482758620689655,0.0,0.0,0.0,0.0,0.804138950480414,0.7195719381688467,0.8482758620689655,0.7786412763767371,xalan-2.4,0,SVM,False
0.8344827586206897,0.0,0.0,0.0,-0.050015632328035534,0.7939763488543976,0.7177718832891247,0.8344827586206897,0.7717396940627431,xalan-2.4,0,RF,False
0.8482758620689655,0.5,0.09090909090909091,0.15384615384615385,0.1635113564392042,0.7113821138211381,0.8038151137197359,0.8482758620689655,0.8009283819628648,xalan-2.4,0,KNN,False
0.8068965517241379,0.3125,0.22727272727272727,0.2631578947368421,0.1578301935863527,0.7172949002217295,0.7839013632718524,0.8068965517241379,0.7939503932244404,xalan-2.4,0,NB,False
0.8344827586206897,0.42857142857142855,0.2727272727272727,0.3333333333333333,0.25227415128567865,0.7158167036215817,0.8096942804497425,0.8344827586206897,0.8186985247533713,xalan-2.4,0,MLP,False
0.8482758620689655,0.0,0.0,0.0,0.0,0.5,0.7195719381688467,0.8482758620689655,0.7786412763767371,xalan-2.4,0,Majority,False
0.7793103448275862,0.32142857142857145,0.4090909090909091,0.36,0.2314106697261239,0.627309682187731,0.8027914614121511,0.7793103448275862,0.7897931034482759,xalan-2.4,0,DT,True
0.7793103448275862,0.375,0.6818181818181818,0.4838709677419355,0.3841326542140173,0.8022912047302291,0.8486206896551723,0.7793103448275862,0.8026345061764534,xalan-2.4,0,LR,True
0.8,0.4,0.6363636363636364,0.49122807017543857,0.3903698647748437,0.8022912047302292,0.8472727272727272,0.8,0.8172276184022287,xalan-2.4,0,SVM,True
0.8137931034482758,0.3684210526315789,0.3181818181818182,0.34146341463414637,0.2345569803531359,0.7799334811529933,0.8031890070002593,0.8137931034482758,0.808102384305937,xalan-2.4,0,RF,True
0.7655172413793103,0.3125,0.45454545454545453,0.37037037037037035,0.23848480892487278,0.7135994087213601,0.8056072627403112,0.7655172413793103,0.7822607528627401,xalan-2.4,0,KNN,True
0.8068965517241379,0.35,0.3181818181818182,0.3333333333333333,0.22107210383127782,0.7235772357723578,0.7995862068965517,0.8068965517241379,0.8030774935113089,xalan-2.4,0,NB,True
0.7724137931034483,0.28,0.3181818181818182,0.2978723404255319,0.16320310961778126,0.7047302291204729,0.7847241379310345,0.7724137931034483,0.778272329556262,xalan-2.4,0,MLP,True
0.8068965517241379,0.4,0.5454545454545454,0.46153846153846156,0.35346817030843053,0.6995565410199557,0.8352023988005997,0.8068965517241379,0.8185052270244969,xalan-2.4,1,DT,False
0.8551724137931035,0.5384615384615384,0.3181818181818182,0.4,0.33830233117068276,0.8473762010347377,0.8335784904750421,0.8551724137931035,0.8391075050709939,xalan-2.4,1,LR,False
0.8275862068965517,0.0,0.0,0.0,-0.06147170228705252,0.8048780487804877,0.7168528411850412,0.8275862068965517,0.7682498373454782,xalan-2.4,1,SVM,False
0.8827586206896552,0.6666666666666666,0.45454545454545453,0.5405405405405406,0.4875698260611611,0.8394308943089431,0.8711229000884174,0.8827586206896552,0.873290136258652,xalan-2.4,1,RF,False
0.8068965517241379,0.2,0.09090909090909091,0.125,0.03662412517151198,0.6903178122690318,0.7529501915708813,0.8068965517241379,0.7751804330392944,xalan-2.4,1,KNN,False
0.7931034482758621,0.34615384615384615,0.4090909090909091,0.375,0.2533260922390668,0.7973022912047303,0.8081269643135769,0.7931034482758621,0.8000142490738101,xalan-2.4,1,NB,False
0.8344827586206897,0.45,0.4090909090909091,0.42857142857142855,0.3325693388070527,0.7653362897265337,0.8283310344827587,0.8344827586206897,0.8312092801525505,xalan-2.4,1,MLP,False
0.8482758620689655,0.0,0.0,0.0,0.0,0.5,0.7195719381688467,0.8482758620689655,0.7786412763767371,xalan-2.4,1,Majority,False
0.7724137931034483,0.28,0.3181818181818182,0.2978723404255319,0.16320310961778126,0.585920177383592,0.7847241379310345,0.7724137931034483,0.778272329556262,xalan-2.4,1,DT,True
0.7862068965517242,0.3953488372093023,0.7727272727272727,0.5230769230769231,0.4409197617394678,0.8495934959349594,0.8666776734751639,0.7862068965517242,0.8107656940760388,xalan-2.4,1,LR,True
0.8344827586206897,0.4642857142857143,0.5909090909090909,0.52,0.4262121043286665,0.8329637841832964,0.8534672224327398,0.8344827586206897,0.8423448275862069,xalan-2.4,1,SVM,True
0.8482758620689655,0.5,0.6363636363636364,0.56,0.4749124629793022,0.8438654841093867,0.8661361626878868,0.8482758620689655,0.8554827586206896,xalan-2.4,1,RF,True
0.7586206896551724,0.34146341463414637,0.6363636363636364,0.4444444444444444,0.33207532434889137,0.7631189948263118,0.8348321148993985,0.7586206896551724,0.7849173797829425,xalan-2.4,1,KNN,True
0.7862068965517242,0.3783783783783784,0.6363636363636364,0.4745762711864407,0.3697915125608252,0.8146711012564671,0.8428497462980221,0.7862068965517242,0.8064426514455737,xalan-2.4,1,NB,True
0.8413793103448276,0.48148148148148145,0.5909090909090909,0.5306122448979592,0.4396827834621814,0.8041389504804138,0.8566292183475117,0.8413793103448276,0.8478267598354265,xalan-2.4,1,MLP,True
0.7793103448275862,0.25,0.22727272727272727,0.23809523809523808,0.10957486885550292,0.5526607538802661,0.7708413793103449,0.7793103448275862,0.7749457068700673,xalan-2.4,2,DT,False
0.8896551724137931,0.7142857142857143,0.45454545454545453,0.5555555555555556,0.512628257594742,0.8558758314855875,0.8789455871845974,0.8896551724137931,0.879132349835581,xalan-2.4,2,LR,False
0.8413793103448276,0.0,0.0,0.0,-0.035243378871652985,0.8281596452328159,0.7186781609195402,0.8413793103448276,0.7752034095311895,xalan-2.4,2,SVM,False
0.8827586206896552,0.6923076923076923,0.4090909090909091,0.5142857142857142,0.4728807619518871,0.8848854397634885,0.8697733301181577,0.8827586206896552,0.8697536945812808,xalan-2.4,2,RF,False
0.8344827586206897,0.42857142857142855,0.2727272727272727,0.3333333333333333,0.25227415128567865,0.7366962305986697,0.8096942804497425,0.8344827586206897,0.8186985247533713,xalan-2.4,2,KNN,False
0.8413793103448276,0.48484848484848486,0.7272727272727273,0.5818181818181818,0.5040323827957247,0.8774944567627494,0.8763957307060755,0.8413793103448276,0.8535289801907557,xalan-2.4,2,NB,False
0.8413793103448276,0.47619047619047616,0.45454545454545453,0.46511627906976744,0.37219673451474333,0.7154471544715447,0.8384342391016474,0.8413793103448276,0.8398559782344023,xalan-2.4,2,MLP,False
0.8482758620689655,0.0,0.0,0.0,0.0,0.5,0.7195719381688467,0.8482758620689655,0.7786412763767371,xalan-2.4,2,Majority,False
0.7655172413793103,0.2692307692307692,0.3181818181818182,0.2916666666666667,0.15310158098486576,0.5818551367331855,0.7821991396027907,0.7655172413793103,0.7733494822836516,xalan-2.4,2,DT,True
0.7034482758620689,0.3018867924528302,0.7272727272727273,0.4266666666666667,0.31769476914711703,0.8240946045824095,0.8387570365760516,0.7034482758620689,0.7433563218390805,xalan-2.4,2,LR,True
0.7586206896551724,0.30303030303030304,0.45454545454545453,0.36363636363636365,0.2289331525370795,0.7158167036215817,0.8033661740558293,0.7586206896551724,0.7771093176815848,xalan-2.4,2,SVM,True
0.7724137931034483,0.2962962962962963,0.36363636363636365,0.32653061224489793,0.19276565099891146,0.8239098300073909,0.792588263307141,0.7724137931034483,0.7816644815030033,xalan-2.4,2,RF,True
0.7310344827586207,0.32653061224489793,0.7272727272727273,0.4507042253521127,0.3481160469108511,0.7754988913525499,0.8448011963406052,0.7310344827586207,0.7655957473703819,xalan-2.4,2,KNN,True
0.7931034482758621,0.4,0.7272727272727273,0.5161290322580645,0.4271436463846988,0.8760162601626016,0.8604926108374384,0.7931034482758621,0.8149698495404252,xalan-2.4,2,NB,True
0.8413793103448276,0.47619047619047616,0.45454545454545453,0.46511627906976744,0.37219673451474333,0.6659275683665928,0.8384342391016474,0.8413793103448276,0.8398559782344023,xalan-2.4,2,MLP,True
0.7847222222222222,0.2857142857142857,0.2727272727272727,0.27906976744186046,0.15267664018080093,0.5748882265275708,0.7806652471286618,0.7847222222222222,0.7826583346516902,xalan-2.4,3,DT,False
0.8333333333333334,0.375,0.13636363636363635,0.2,0.14980774330592514,0.702682563338301,0.7861519607843138,0.8333333333333334,0.7989664082687339,xalan-2.4,3,LR,False
0.8472222222222222,0.5,0.045454545454545456,0.08333333333333333,0.11453799440819991,0.6039493293591655,0.7983176838810642,0.8472222222222222,0.7893518518518517,xalan-2.4,3,SVM,False
0.8611111111111112,0.75,0.13636363636363635,0.23076923076923078,0.2805906359104187,0.7621087928464977,0.8468253968253969,0.8611111111111112,0.8178051804006002,xalan-2.4,3,RF,False
0.8263888888888888,0.2857142857142857,0.09090909090909091,0.13793103448275862,0.08352264497923344,0.6033904619970194,0.7671909396361951,0.8263888888888888,0.7865168123788813,xalan-2.4,3,KNN,False
0.7986111111111112,0.29411764705882354,0.22727272727272727,0.2564102564102564,0.1437336723733563,0.6684053651266767,0.7787491637074777,0.7986111111111112,0.7877235437476401,xalan-2.4,3,NB,False
0.8402777777777778,0.47058823529411764,0.36363636363636365,0.41025641025641024,0.32319305522101505,0.7280178837555887,0.8257230713807834,0.8402777777777778,0.8316428105584731,xalan-2.4,3,MLP,False
0.8472222222222222,0.0,0.0,0.0,0.0,0.5,0.7177854938271605,0.8472222222222222,0.7771512113617376,xalan-2.4,3,Majority,False
0.7569444444444444,0.2903225806451613,0.4090909090909091,0.33962264150943394,0.20024286332456473,0.6143815201192251,0.7941090176673963,0.7569444444444444,0.7729269815781258,xalan-2.4,3,DT,True
0.6944444444444444,0.25,0.5,0.3333333333333333,0.17925163190605437,0.6900149031296572,0.7922222222222222,0.6944444444444444,0.7302302302302303,xalan-2.4,3,LR,True
0.7430555555555556,0.2972972972972973,0.5,0.3728813559322034,0.23621458992647007,0.687779433681073,0.8055450310123208,0.7430555555555556,0.7673027738714956,xalan-2.4,3,SVM,True
0.8194444444444444,0.42857142857142855,0.5454545454545454,0.48,0.3766218577010349,0.7967585692995529,0.8396620142309799,0.8194444444444444,0.8280018674136322,xalan-2.4,3,RF,True
0.6944444444444444,0.23809523809523808,0.45454545454545453,0.3125,0.15217163776918752,0.6553651266766021,0.7839246809835045,0.6944444444444444,0.728546626984127,xalan-2.4,3,KNN,True
0.7916666666666666,0.3181818181818182,0.3181818181818182,0.3181818181818182,0.19523099850968703,0.6907600596125186,0.7916666666666666,0.7916666666666666,0.7916666666666666,xalan-2.4,3,NB,True
0.7986111111111112,0.34782608695652173,0.36363636363636365,0.35555555555555557,0.23636581133150597,0.7011922503725783,0.8023366071785045,0.7986111111111112,0.8004343850022863,xalan-2.4,3,MLP,True
0.8194444444444444,0.4166666666666667,0.45454545454545453,0.43478260869565216,0.3280252979957282,0.6698956780923994,0.8261574074074074,0.8194444444444444,0.8226234678803849,xalan-2.4,4,DT,False
0.8402777777777778,0.3333333333333333,0.045454545454545456,0.08,0.07320372203174602,0.7272727272727273,0.7719661150512214,0.8402777777777778,0.7853527672158852,xalan-2.4,4,LR,False
0.8402777777777778,0.3333333333333333,0.045454545454545456,0.08,0.07320372203174602,0.7123695976154991,0.7719661150512214,0.8402777777777778,0.7853527672158852,xalan-2.4,4,SVM,False
0.8333333333333334,0.375,0.13636363636363635,0.2,0.14980774330592514,0.8155737704918032,0.7861519607843138,0.8333333333333334,0.7989664082687339,xalan-2.4,4,RF,False
0.8333333333333334,0.25,0.045454545454545456,0.07692307692307693,0.045677545380765835,0.7328614008941877,0.7583333333333333,0.8333333333333334,0.7813662164807202,xalan-2.4,4,KNN,False
0.8263888888888888,0.38461538461538464,0.22727272727272727,0.2857142857142857,0.20299771517957393,0.694672131147541,0.7960380374502513,0.8263888888888888,0.8071554049814921,xalan-2.4,4,NB,False
0.8402777777777778,0.46153846153846156,0.2727272727272727,0.34285714285714286,0.27035179579215146,0.7023099850968704,0.8142575194101913,0.8402777777777778,0.8225829725829725,xalan-2.4,4,MLP,False
0.8472222222222222,0.0,0.0,0.0,0.0,0.5,0.7177854938271605,0.8472222222222222,0.7771512113617376,xalan-2.4,4,Majority,False
0.7430555555555556,0.2727272727272727,0.4090909090909091,0.32727272727272727,0.18178797026154941,0.6061847988077497,0.7896646646646647,0.7430555555555556,0.7626847877920839,xalan-2.4,4,DT,True
0.6944444444444444,0.2708333333333333,0.5909090909090909,0.37142857142857144,0.232029213433861,0.7082712369597615,0.8091724537037037,0.6944444444444444,0.7329692733362457,xalan-2.4,4,LR,True
0.7430555555555556,0.3170731707317073,0.5909090909090909,0.4126984126984127,0.288117699067207,0.7071535022354695,0.8216348304259742,0.7430555555555556,0.770952380952381,xalan-2.4,4,SVM,True
0.8125,0.38095238095238093,0.36363636363636365,0.37209302325581395,0.262056919713315,0.7617362146050671,0.8089914827719706,0.8125,0.8107024205030849,xalan-2.4,4,RF,True
0.7708333333333334,0.34285714285714286,0.5454545454545454,0.42105263157894735,0.2993828939889726,0.7432935916542474,0.8218763652249891,0.7708333333333334,0.7905179615705931,xalan-2.4,4,KNN,True
0.7847222222222222,0.2631578947368421,0.22727272727272727,0.24390243902439024,0.11961451404881848,0.6883383010432191,0.7722046783625731,0.7847222222222222,0.7781535608878356,xalan-2.4,4,NB,True
0.8055555555555556,0.3125,0.22727272727272727,0.2631578947368421,0.15696093849937656,0.6807004470938898,0.7824435763888888,0.8055555555555556,0.7925380116959064,xalan-2.4,4,MLP,True
0.8,0.26666666666666666,0.18181818181818182,0.21621621621621623,0.10883255046008061,0.5461936437546194,0.7712820512820513,0.8,0.7838478795000534,xalan-2.4,5,DT,False
0.8827586206896552,0.7272727272727273,0.36363636363636365,0.48484848484848486,0.4596529411042298,0.770140428677014,0.8699948533196089,0.8827586206896552,0.8657274475602666,xalan-2.4,5,LR,False
0.8482758620689655,0.0,0.0,0.0,0.0,0.8126385809312638,0.7195719381688467,0.8482758620689655,0.7786412763767371,xalan-2.4,5,SVM,False
0.8827586206896552,0.8571428571428571,0.2727272727272727,0.41379310344827586,0.44285399107764717,0.8527346637102734,0.8799742985650032,0.8827586206896552,0.8558065794688863,xalan-2.4,5,RF,False
0.8482758620689655,0.5,0.18181818181818182,0.26666666666666666,0.23459145663459544,0.759238728750924,0.8126856279889253,0.8482758620689655,0.8169584438549955,xalan-2.4,5,KNN,False
0.8068965517241379,0.40625,0.5909090909090909,0.48148148148148145,0.3775476666759715,0.7967479674796748,0.8423519987793714,0.8068965517241379,0.8206853258869623,xalan-2.4,5,NB,False
0.8137931034482758,0.3076923076923077,0.18181818181818182,0.22857142857142856,0.13643468499887618,0.6504065040650406,0.779286231010369,0.8137931034482758,0.7931382208055636,xalan-2.4,5,MLP,False
0.8482758620689655,0.0,0.0,0.0,0.0,0.5,0.7195719381688467,0.8482758620689655,0.7786412763767371,xalan-2.4,5,Majority,False
0.7793103448275862,0.3333333333333333,0.45454545454545453,0.38461538461538464,0.2585554208737593,0.6459719142645972,0.8103348325837082,0.7793103448275862,0.7925774023137107,xalan-2.4,5,DT,True
0.6758620689655173,0.2641509433962264,0.6363636363636364,0.37333333333333335,0.23785812872019854,0.7524020694752402,0.8145908177986478,0.6758620689655173,0.7194824913124833,xalan-2.4,5,LR,True
0.7172413793103448,0.1935483870967742,0.2727272727272727,0.22641509433962265,0.06079399459632013,0.7039911308203991,0.7585855629061531,0.7172413793103448,0.7358803521573342,xalan-2.4,5,SVM,True
0.8206896551724138,0.42857142857142855,0.5454545454545454,0.48,0.37751174567803086,0.80339985218034,0.8407982821775926,0.8206896551724138,0.8292068965517242,xalan-2.4,5,RF,True
0.7172413793103448,0.2978723404255319,0.6363636363636364,0.4057971014492754,0.2821197403569231,0.7636733185513673,0.824223276985042,0.7172413793103448,0.7524726324620495,xalan-2.4,5,KNN,True
0.7655172413793103,0.35,0.6363636363636364,0.45161290322580644,0.3411216620433358,0.7993348115299335,0.8367487684729065,0.7655172413793103,0.7902991628124818,xalan-2.4,5,NB,True
0.7931034482758621,0.3181818181818182,0.3181818181818182,0.3181818181818182,0.19623059866962306,0.6382113821138211,0.7931034482758621,0.7931034482758621,0.7931034482758621,xalan-2.4,5,MLP,True
0.7931034482758621,0.3,0.2727272727272727,0.2857142857142857,0.16532348634339036,0.5794530672579453,0.7852137931034482,0.7931034482758621,0.7890116001906882,xalan-2.4,6,DT,False
0.8620689655172413,0.625,0.22727272727272727,0.3333333333333333,0.3187888853772101,0.786770140428677,0.8378429398439468,0.8620689655172413,0.8335985853227232,xalan-2.4,6,LR,False
0.8275862068965517,0.0,0.0,0.0,-0.06147170228705252,0.6873614190687362,0.7168528411850412,0.8275862068965517,0.7682498373454782,xalan-2.4,6,SVM,False
0.8620689655172413,0.6,0.2727272727272727,0.375,0.34008116230689694,0.8248337028824835,0.8387739463601533,0.8620689655172413,0.8394145950280674,xalan-2.4,6,RF,False
0.8551724137931035,0.6,0.13636363636363635,0.2222222222222222,0.23614048171330243,0.6773835920177383,0.8241871921182267,0.8551724137931035,0.8142592835394723,xalan-2.4,6,KNN,False
0.7931034482758621,0.3,0.2727272727272727,0.2857142857142857,0.16532348634339036,0.717479674796748,0.7852137931034482,0.7931034482758621,0.7890116001906882,xalan-2.4,6,NB,False
0.8413793103448276,0.45454545454545453,0.22727272727272727,0.30303030303030304,0.241843540907781,0.7368810051736882,0.8096242923314463,0.8413793103448276,0.8183371349344782,xalan-2.4,6,MLP,False
0.8482758620689655,0.0,0.0,0.0,0.0,0.5,0.7195719381688467,0.8482758620689655,0.7786412763767371,xalan-2.4,6,Majority,False
0.8068965517241379,0.4,0.5454545454545454,0.46153846153846156,0.35346817030843053,0.6995565410199557,0.8352023988005997,0.8068965517241379,0.8185052270244969,xalan-2.4,6,DT,True
0.7448275862068966,0.3333333333333333,0.6818181818181818,0.44776119402985076,0.3395847644830842,0.7926829268292683,0.839471264367816,0.7448275862068966,0.7754667208260537,xalan-2.4,6,LR,True
0.7172413793103448,0.28888888888888886,0.5909090909090909,0.3880597014925373,0.2564796322467176,0.7849223946784922,0.8157624521072797,0.7172413793103448,0.7511928528072488,xalan-2.4,6,SVM,True
0.8137931034482758,0.38095238095238093,0.36363636363636365,0.37209302325581395,0.26294870515312835,0.833148558758315,0.8103024524604057,0.8137931034482758,0.8120048440142983,xalan-2.4,6,RF,True
0.7517241379310344,0.325,0.5909090909090909,0.41935483870967744,0.2981106698726544,0.6997413155949742,0.8248768472906404,0.7517241379310344,0.7779638194485099,xalan-2.4,6,KNN,True
0.7793103448275862,0.2916666666666667,0.3181818181818182,0.30434782608695654,0.1737267755700617,0.7307834441980784,0.7873705709128906,0.7793103448275862,0.7832034802270996,xalan-2.4,6,NB,True
0.8413793103448276,0.47368421052631576,0.4090909090909091,0.43902439024390244,0.34849588203221366,0.7180339985218034,0.8326246651110535,0.8413793103448276,0.8365316607050574,xalan-2.4,6,MLP,True
0.8,0.29411764705882354,0.22727272727272727,0.2564102564102564,0.14464844685392636,0.5648558758314857,0.7802389705882353,0.8,0.7891715190519971,xalan-2.4,7,DT,False
0.8413793103448276,0.42857142857142855,0.13636363636363635,0.20689655172413793,0.17380163616315483,0.7734663710273466,0.7965088884129364,0.8413793103448276,0.8049147839873166,xalan-2.4,7,LR,False
0.8482758620689655,0.5,0.045454545454545456,0.08333333333333333,0.11480861057117248,0.7372505543237251,0.7995659512900892,0.8482758620689655,0.790761386224181,xalan-2.4,7,SVM,False
0.8413793103448276,0.4,0.09090909090909091,0.14814814814814814,0.1307854975642906,0.7852919438285292,0.787783251231527,0.8413793103448276,0.7965696914956126,xalan-2.4,7,RF,False
0.8344827586206897,0.3333333333333333,0.09090909090909091,0.14285714285714285,0.10517442963623623,0.688839615668884,0.7767964938394112,0.8344827586206897,0.7922460797954348,xalan-2.4,7,KNN,False
0.8,0.29411764705882354,0.22727272727272727,0.2564102564102564,0.14464844685392636,0.7729120473022912,0.7802389705882353,0.8,0.7891715190519971,xalan-2.4,7,NB,False
0.8413793103448276,0.4666666666666667,0.3181818181818182,0.3783783783783784,0.29820118826062086,0.7324464153732446,0.8212024756852343,0.8413793103448276,0.8285690078793526,xalan-2.4,7,MLP,False
0.8482758620689655,0.0,0.0,0.0,0.0,0.5,0.7195719381688467,0.8482758620689655,0.7786412763767371,xalan-2.4,7,Majority,False
0.7793103448275862,0.25,0.22727272727272727,0.23809523809523808,0.10957486885550292,0.5526607538802661,0.7708413793103449,0.7793103448275862,0.7749457068700673,xalan-2.4,7,DT,True
0.7172413793103448,0.2978723404255319,0.6363636363636364,0.4057971014492754,0.2821197403569231,0.7505543237250554,0.824223276985042,0.7172413793103448,0.7524726324620495,xalan-2.4,7,LR,True
0.7655172413793103,0.34210526315789475,0.5909090909090909,0.43333333333333335,0.3162480853894575,0.7346637102734663,0.8288311820479333,0.7655172413793103,0.7886256871564218,xalan-2.4,7,SVM,True
0.8137931034482758,0.391304347826087,0.4090909090909091,0.4,0.28996064012195966,0.7958240946045823,0.817256126035343,0.8137931034482758,0.8154820548909218,xalan-2.4,7,RF,True
0.7724137931034483,0.35135135135135137,0.5909090909090909,0.4406779661016949,0.3256963075268452,0.7148928307464893,0.8308946877912395,0.7724137931034483,0.7939550805710945,xalan-2.4,7,KNN,True
0.8275862068965517,0.44,0.5,0.46808510638297873,0.3667682786034009,0.783628972653363,0.8372758620689655,0.8275862068965517,0.8320244920880773,xalan-2.4,7,NB,True
0.8344827586206897,0.45,0.4090909090909091,0.42857142857142855,0.3325693388070527,0.7135994087213599,0.8283310344827587,0.8344827586206897,0.8312092801525505,xalan-2.4,7,MLP,True
0.8263888888888888,0.4117647058823529,0.3181818181818182,0.358974358974359,0.26337326093846214,0.6181073025335321,0.8100651021563481,0.8263888888888888,0.8170030549548621,xalan-2.4,8,DT,False
0.8472222222222222,0.5,0.09090909090909091,0.15384615384615385,0.16313409064559226,0.7306259314456036,0.8025793650793651,0.8472222222222222,0.7995856984406603,xalan-2.4,8,LR,False
0.8472222222222222,0.0,0.0,0.0,0.0,0.6821907600596125,0.7177854938271605,0.8472222222222222,0.7771512113617376,xalan-2.4,8,SVM,False
0.8680555555555556,0.8,0.18181818181818182,0.2962962962962963,0.34119468607728104,0.78725782414307,0.8597322142286171,0.8680555555555556,0.8308145310061019,xalan-2.4,8,RF,False
0.8541666666666666,0.5714285714285714,0.18181818181818182,0.27586206896551724,0.26303400135251126,0.6389716840536512,0.8232099409106709,0.8541666666666666,0.8206741223982603,xalan-2.4,8,KNN,False
0.8333333333333334,0.4166666666666667,0.22727272727272727,0.29411764705882354,0.22115461079318394,0.7319299552906111,0.8017676767676768,0.8333333333333334,0.8121043693067778,xalan-2.4,8,NB,False
0.8472222222222222,0.5,0.22727272727272727,0.3125,0.2636491341509839,0.6598360655737705,0.8161276948590381,0.8472222222222222,0.8221571180555556,xalan-2.4,8,MLP,False
0.8472222222222222,0.0,0.0,0.0,0.0,0.5,0.7177854938271605,0.8472222222222222,0.7771512113617376,xalan-2.4,8,Majority,False
0.7916666666666666,0.3181818181818182,0.3181818181818182,0.3181818181818182,0.19523099850968703,0.5976154992548435,0.7916666666666666,0.7916666666666666,0.7916666666666666,xalan-2.4,8,DT,True
0.7222222222222222,0.2857142857142857,0.5454545454545454,0.375,0.2371046448961759,0.7008196721311475,0.8078120136943667,0.7222222222222222,0.7532242063492063,xalan-2.4,8,LR,True
0.75,0.29411764705882354,0.45454545454545453,0.35714285714285715,0.2184132783546441,0.7265275707898659,0.7997326203208556,0.75,0.770320197044335,xalan-2.4,8,SVM,True
0.8055555555555556,0.3333333333333333,0.2727272727272727,0.3,0.18968503638820156,0.7660208643815202,0.7905643738977072,0.8055555555555556,0.7974014336917562,xalan-2.4,8,RF,True
0.75,0.3157894736842105,0.5454545454545454,0.4,0.27128692797735293,0.6985842026825634,0.8155412115193644,0.75,0.7745614035087719,xalan-2.4,8,KNN,True
0.8125,0.38095238095238093,0.36363636363636365,0.37209302325581395,0.262056919713315,0.7233606557377049,0.8089914827719706,0.8125,0.8107024205030849,xalan-2.4,8,NB,True
0.8333333333333334,0.4375,0.3181818181818182,0.3684210526315789,0.27979993384671475,0.666542473919523,0.8147786458333334,0.8333333333333334,0.8221754385964912,xalan-2.4,8,MLP,True
0.7777777777777778,0.3076923076923077,0.36363636363636365,0.3333333333333333,0.20211989324217133,0.6080476900149032,0.7937128784586412,0.7777777777777778,0.7851851851851852,xalan-2.4,9,DT,False
0.8472222222222222,0.5,0.13636363636363635,0.21428571428571427,0.20124024184570943,0.7801788375558867,0.8069645732689211,0.8472222222222222,0.8082722832722832,xalan-2.4,9,LR,False
0.8333333333333334,0.0,0.0,0.0,-0.05039671753960796,0.7373323397913562,0.715962441314554,0.8333333333333334,0.7702020202020202,xalan-2.4,9,SVM,False
0.8125,0.14285714285714285,0.045454545454545456,0.06896551724137931,-0.00623303320740548,0.7779433681073026,0.7391814389989572,0.8125,0.7694381573691919,xalan-2.4,9,RF,False
0.8263888888888888,0.36363636363636365,0.18181818181818182,0.24242424242424243,0.16855166540407576,0.6512667660208644,0.7881161236424394,0.8263888888888888,0.80119825708061,xalan-2.4,9,KNN,False
0.8194444444444444,0.4090909090909091,0.4090909090909091,0.4090909090909091,0.3025335320417288,0.7309985096870344,0.8194444444444444,0.8194444444444444,0.8194444444444444,xalan-2.4,9,NB,False
0.8263888888888888,0.42105263157894735,0.36363636363636365,0.3902439024390244,0.2907187195756052,0.6933681073025335,0.8166608187134502,0.8263888888888888,0.8210915813611579,xalan-2.4,9,MLP,False
0.8472222222222222,0.0,0.0,0.0,0.0,0.5,0.7177854938271605,0.8472222222222222,0.7771512113617376,xalan-2.4,9,Majority,False
0.75,0.25,0.3181818181818182,0.28,0.13276597861403389,0.5730253353204173,0.7758620689655173,0.75,0.7618487394957982,xalan-2.4,9,DT,True
0.7291666666666666,0.3111111111111111,0.6363636363636364,0.417910447761194,0.2967100459626408,0.764903129657228,0.826290684624018,0.7291666666666666,0.7615598478197249,xalan-2.4,9,LR,True
0.7430555555555556,0.3076923076923077,0.5454545454545454,0.39344262295081966,0.2624224850671896,0.7280178837555887,0.8135429385429386,0.7430555555555556,0.7692380218739719,xalan-2.4,9,SVM,True
0.7708333333333334,0.2962962962962963,0.36363636363636365,0.32653061224489793,0.19163204325354494,0.7496274217585693,0.7911126938904717,0.7708333333333334,0.7801283693393676,xalan-2.4,9,RF,True
0.7291666666666666,0.2926829268292683,0.5454545454545454,0.38095238095238093,0.24534558704073509,0.662816691505216,0.8096830846949247,0.7291666666666666,0.7585714285714286,xalan-2.4,9,KNN,True
0.7916666666666666,0.35714285714285715,0.45454545454545453,0.4,0.2790795060662345,0.7358420268256334,0.8141420361247947,0.7916666666666666,0.8015406162464986,xalan-2.4,9,NB,True
0.8125,0.4,0.45454545454545453,0.425531914893617,0.31495990142924857,0.6780923994038748,0.8228991596638655,0.8125,0.8173170301050586,xalan-2.4,9,MLP,True
0.8068181818181818,0.42105263157894735,0.5714285714285714,0.48484848484848486,0.375831248726274,0.7133204633204633,0.8347722071978364,0.8068181818181818,0.8180758635304088,xerces-1.2,0,DT,False
0.8522727272727273,0.6666666666666666,0.14285714285714285,0.23529411764705882,0.2607082836146173,0.611969111969112,0.8282531194295899,0.8522727272727273,0.8095886725187502,xerces-1.2,0,LR,False
0.8409090909090909,0.0,0.0,0.0,0.0,0.583976833976834,0.7071280991735537,0.8409090909090909,0.7682379349046016,xerces-1.2,0,SVM,False
0.7840909090909091,0.3076923076923077,0.2857142857142857,0.2962962962962963,0.16914794888212098,0.7345559845559846,0.7777389277389278,0.7840909090909091,0.7808171197432942,xerces-1.2,0,RF,False
0.7840909090909091,0.2222222222222222,0.14285714285714285,0.17391304347826086,0.058257967144098734,0.6336872586872588,0.7485295997954226,0.7840909090909091,0.7641504559663127,xerces-1.2,0,KNN,False
0.8181818181818182,0.375,0.21428571428571427,0.2727272727272727,0.18666965432431656,0.569015444015444,0.7849431818181819,0.8181818181818182,0.7969303423848878,xerces-1.2,0,NB,False
0.8181818181818182,0.4,0.2857142857142857,0.3333333333333333,0.23583522980728647,0.6785714285714286,0.7967365967365967,0.8181818181818182,0.8054226475279108,xerces-1.2,0,MLP,False
0.8409090909090909,0.0,0.0,0.0,0.0,0.5,0.7071280991735537,0.8409090909090909,0.7682379349046016,xerces-1.2,0,Majority,False
0.6931818181818182,0.15789473684210525,0.21428571428571427,0.18181818181818182,-0.0017161244234076437,0.5202702702702703,0.7319707371194785,0.6931818181818182,0.7110616656071201,xerces-1.2,0,DT,True
0.6590909090909091,0.2777777777777778,0.7142857142857143,0.4,0.2699945793846108,0.6843629343629343,0.8204156954156954,0.6590909090909091,0.7043290043290044,xerces-1.2,0,LR,True
0.6022727272727273,0.24390243902439024,0.7142857142857143,0.36363636363636365,0.21657119427822033,0.6708494208494209,0.8081450205217721,0.6022727272727272,0.6555221637866265,xerces-1.2,0,SVM,True
0.7613636363636364,0.3333333333333333,0.5,0.4,0.26670364137908237,0.7519305019305019,0.8060832202623248,0.7613636363636364,0.7793036750483558,xerces-1.2,0,RF,True
0.6931818181818182,0.27586206896551724,0.5714285714285714,0.37209302325581395,0.22382643709798494,0.7683397683397684,0.7992800595079964,0.6931818181818182,0.7293948401659539,xerces-1.2,0,KNN,True
0.7272727272727273,0.1875,0.21428571428571427,0.2,0.0366145645969789,0.5936293436293436,0.7422664141414141,0.7272727272727273,0.7344956413449565,xerces-1.2,0,NB,True
0.6818181818181818,0.18181818181818182,0.2857142857142857,0.2222222222222222,0.03587480016670876,0.6621621621621622,0.7424242424242423,0.6818181818181818,0.7080808080808082,xerces-1.2,0,MLP,True
0.7840909090909091,0.35294117647058826,0.42857142857142855,0.3870967741935484,0.2593370014980255,0.6597490347490347,0.802308503426979,0.7840909090909091,0.7923045808474062,xerces-1.2,1,DT,False
0.7954545454545454,0.0,0.0,0.0,-0.0949157995752499,0.5144787644787645,0.7007575757575758,0.7954545454545454,0.7451093210586882,xerces-1.2,1,LR,False
0.8409090909090909,0.0,0.0,0.0,0.0,0.6978764478764479,0.7071280991735537,0.8409090909090909,0.7682379349046016,xerces-1.2,1,SVM,False
0.8636363636363636,0.6666666666666666,0.2857142857142857,0.4,0.3753810674354723,0.8050193050193051,0.8444198078344418,0.8636363636363636,0.8398601398601397,xerces-1.2,1,RF,False
0.8409090909090909,0.5,0.21428571428571427,0.3,0.2521216124566605,0.7239382239382239,0.807649667405765,0.8409090909090909,0.8131701631701632,xerces-1.2,1,KNN,False
0.7613636363636364,0.0,0.0,0.0,-0.1278658790152779,0.5444015444015444,0.6955667789001123,0.7613636363636364,0.7269794721407625,xerces-1.2,1,NB,False
0.8181818181818182,0.42857142857142855,0.42857142857142855,0.42857142857142855,0.3204633204633205,0.7625482625482626,0.8181818181818182,0.8181818181818182,0.8181818181818182,xerces-1.2,1,MLP,False
0.8409090909090909,0.0,0.0,0.0,0.0,0.5,0.7071280991735537,0.8409090909090909,0.7682379349046016,xerces-1.2,1,Majority,False
0.7159090909090909,0.23809523809523808,0.35714285714285715,0.2857142857142857,0.12092773801660256,0.5472972972972974,0.7658299412030755,0.7159090909090909,0.7372662798194711,xerces-1.2,1,DT,True
0.5454545454545454,0.15789473684210525,0.42857142857142855,0.23076923076923078,-0.0028510400174428913,0.5318532818532818,0.7314832535885167,0.5454545454545454,0.6063613805549289,xerces-1.2,1,LR,True
0.5454545454545454,0.21739130434782608,0.7142857142857143,0.3333333333333333,0.16681248966547527,0.7355212355212355,0.7954074910596649,0.5454545454545454,0.6039707419017764,xerces-1.2,1,SVM,True
0.7840909090909091,0.38095238095238093,0.5714285714285714,0.45714285714285713,0.33959159306032227,0.833976833976834,0.8262098597919493,0.7840909090909091,0.8003223726627983,xerces-1.2,1,RF,True
0.6590909090909091,0.2777777777777778,0.7142857142857143,0.4,0.2699945793846108,0.7639961389961389,0.8204156954156954,0.6590909090909091,0.7043290043290044,xerces-1.2,1,KNN,True
0.7613636363636364,0.0,0.0,0.0,-0.1278658790152779,0.527027027027027,0.6955667789001123,0.7613636363636364,0.7269794721407625,xerces-1.2,1,NB,True
0.7727272727272727,0.39285714285714285,0.7857142857142857,0.5238095238095238,0.43660425597738056,0.7837837837837838,0.8613636363636363,0.7727272727272727,0.798733604703754,xerces-1.2,1,MLP,True
0.8409090909090909,0.5,0.42857142857142855,0.46153846153846156,0.3703609623467359,0.7287644787644788,0.8319377990430623,0.8409090909090909,0.8358508158508159,xerces-1.2,2,DT,False
0.8522727272727273,1.0,0.07142857142857142,0.13333333333333333,0.24648597651267215,0.6515444015444015,0.8743469174503656,0.8522727272727273,0.7942217203086767,xerces-1.2,2,LR,False
0.8409090909090909,0.0,0.0,0.0,0.0,0.8774131274131274,0.7071280991735537,0.8409090909090909,0.7682379349046016,xerces-1.2,2,SVM,False
0.875,0.6666666666666666,0.42857142857142855,0.5217391304347826,0.4683940558385538,0.8986486486486487,0.8618143459915611,0.875,0.8634555271383916,xerces-1.2,2,RF,False
0.8863636363636364,0.8333333333333334,0.35714285714285715,0.5,0.4986405224142841,0.9063706563706564,0.881189948263119,0.8863636363636364,0.8665501165501166,xerces-1.2,2,KNN,False
0.8522727272727273,0.5555555555555556,0.35714285714285715,0.43478260869565216,0.36586003366494,0.7693050193050193,0.8334931594425267,0.8522727272727273,0.8386292593453718,xerces-1.2,2,NB,False
0.875,0.6,0.6428571428571429,0.6206896551724138,0.5464319029991037,0.8426640926640926,0.8787671232876714,0.875,0.876730002345766,xerces-1.2,2,MLP,False
0.8409090909090909,0.0,0.0,0.0,0.0,0.5,0.7071280991735537,0.8409090909090909,0.7682379349046016,xerces-1.2,2,Majority,False
0.8181818181818182,0.4444444444444444,0.5714285714285714,0.5,0.39561548712666794,0.7427606177606177,0.8395382395382395,0.8181818181818182,0.827020202020202,xerces-1.2,2,DT,True
0.6704545454545454,0.2727272727272727,0.6428571428571429,0.3829787234042553,0.24065547555594474,0.6862934362934363,0.8078512396694214,0.6704545454545454,0.7127959456014875,xerces-1.2,2,LR,True
0.6590909090909091,0.2777777777777778,0.7142857142857143,0.4,0.2699945793846108,0.7422779922779922,0.8204156954156954,0.6590909090909091,0.7043290043290044,xerces-1.2,2,SVM,True
0.8409090909090909,0.5,0.5,0.5,0.40540540540540543,0.8923745173745175,0.8409090909090909,0.8409090909090909,0.8409090909090909,xerces-1.2,2,RF,True
0.75,0.36666666666666664,0.7857142857142857,0.5,0.4081558792466863,0.8711389961389961,0.8557471264367816,0.75,0.7803030303030304,xerces-1.2,2,KNN,True
0.4318181818181818,0.20967741935483872,0.9285714285714286,0.34210526315789475,0.21357316597925044,0.6843629343629344,0.8419242048274307,0.4318181818181818,0.4748803827751196,xerces-1.2,2,NB,True
0.8409090909090909,0.5,0.7142857142857143,0.5882352941176471,0.5054776042999184,0.831081081081081,0.8709893048128342,0.8409090909090909,0.851585448519997,xerces-1.2,2,MLP,True
0.8522727272727273,0.5555555555555556,0.35714285714285715,0.43478260869565216,0.36586003366494,0.696911196911197,0.8334931594425267,0.8522727272727273,0.8386292593453718,xerces-1.2,3,DT,False
0.8522727272727273,1.0,0.07142857142857142,0.13333333333333333,0.24648597651267215,0.5675675675675675,0.8743469174503656,0.8522727272727273,0.7942217203086767,xerces-1.2,3,LR,False
0.8409090909090909,0.0,0.0,0.0,0.0,0.694980694980695,0.7071280991735537,0.8409090909090909,0.7682379349046016,xerces-1.2,3,SVM,False
0.8181818181818182,0.375,0.21428571428571427,0.2727272727272727,0.18666965432431656,0.7842664092664092,0.7849431818181819,0.8181818181818182,0.7969303423848878,xerces-1.2,3,RF,False
0.8295454545454546,0.4,0.14285714285714285,0.21052631578947367,0.16165976353418107,0.5834942084942085,0.7829682365826943,0.8295454545454546,0.7940602809861944,xerces-1.2,3,KNN,False
0.7840909090909091,0.2727272727272727,0.21428571428571427,0.24,0.1174278480752552,0.5974903474903475,0.7641676505312869,0.7840909090909091,0.7732811559301627,xerces-1.2,3,NB,False
0.8409090909090909,0.5,0.21428571428571427,0.3,0.2521216124566605,0.7355212355212355,0.807649667405765,0.8409090909090909,0.8131701631701632,xerces-1.2,3,MLP,False
0.8409090909090909,0.0,0.0,0.0,0.0,0.5,0.7071280991735537,0.8409090909090909,0.7682379349046016,xerces-1.2,3,Majority,False
0.8409090909090909,0.5,0.5,0.5,0.40540540540540543,0.6891891891891891,0.8409090909090909,0.8409090909090909,0.8409090909090909,xerces-1.2,3,DT,True
0.5795454545454546,0.17142857142857143,0.42857142857142855,0.24489795918367346,0.02741143438812038,0.4758687258687259,0.7412521440823329,0.5795454545454546,0.6348808671643318,xerces-1.2,3,LR,True
0.625,0.14814814814814814,0.2857142857142857,0.1951219512195122,-0.019904289086766613,0.5627413127413128,0.7266241651487554,0.625,0.6663956639566396,xerces-1.2,3,SVM,True
0.8409090909090909,0.5,0.42857142857142855,0.46153846153846156,0.3703609623467359,0.777027027027027,0.8319377990430623,0.8409090909090909,0.8358508158508159,xerces-1.2,3,RF,True
0.7159090909090909,0.17647058823529413,0.21428571428571427,0.1935483870967742,0.023250903582581597,0.596042471042471,0.7387022670784062,0.7159090909090909,0.7267165537465871,xerces-1.2,3,KNN,True
0.375,0.16393442622950818,0.7142857142857143,0.26666666666666666,0.019904289086766613,0.48359073359073357,0.7424104432301154,0.375,0.4254125412541254,xerces-1.2,3,NB,True
0.8068181818181818,0.38461538461538464,0.35714285714285715,0.37037037037037035,0.2567068871269836,0.7027027027027026,0.8011888111888112,0.8068181818181818,0.8038890018755791,xerces-1.2,3,MLP,True
0.7613636363636364,0.3333333333333333,0.4,0.36363636363636365,0.21964806102268267,0.6164383561643836,0.7797077922077922,0.7613636363636364,0.7697075651621106,xerces-1.2,4,DT,False
0.8181818181818182,0.0,0.0,0.0,-0.04859869115767437,0.575799086757991,0.6865203761755486,0.8181818181818182,0.7465909090909091,xerces-1.2,4,LR,False
0.8409090909090909,1.0,0.06666666666666667,0.125,0.23651363030068195,0.6269406392694064,0.8665099268547544,0.8409090909090909,0.7782670454545454,xerces-1.2,4,SVM,False
0.8181818181818182,0.4,0.13333333333333333,0.2,0.14982706284053374,0.7146118721461188,0.7677984665936474,0.8181818181818182,0.7785547785547785,xerces-1.2,4,RF,False
0.8636363636363636,0.7142857142857143,0.3333333333333333,0.45454545454545453,0.4251539496559898,0.7155251141552512,0.8488856822190155,0.8636363636363636,0.8423848878394332,xerces-1.2,4,KNN,False
0.7613636363636364,0.2857142857142857,0.26666666666666666,0.27586206896551724,0.13332187324033115,0.5926940639269407,0.7549359424359424,0.7613636363636364,0.7580609046126288,xerces-1.2,4,NB,False
0.75,0.3157894736842105,0.4,0.35294117647058826,0.20281397088618208,0.7,0.7751716247139587,0.75,0.7611847555923777,xerces-1.2,4,MLP,False
0.8295454545454546,0.0,0.0,0.0,0.0,0.5,0.6881456611570248,0.8295454545454546,0.752258610954263,xerces-1.2,4,Majority,False
0.7727272727272727,0.38095238095238093,0.5333333333333333,0.4444444444444444,0.3133974749451712,0.6748858447488584,0.8078115913936809,0.7727272727272727,0.7867965367965368,xerces-1.2,4,DT,True
0.6136363636363636,0.1935483870967742,0.4,0.2608695652173913,0.04529134470363122,0.6205479452054795,0.7315557956474765,0.6136363636363636,0.6570538157494679,xerces-1.2,4,LR,True
0.6136363636363636,0.2682926829268293,0.7333333333333333,0.39285714285714285,0.24301147892101774,0.7273972602739727,0.8046775487097232,0.6136363636363636,0.6614718614718615,xerces-1.2,4,SVM,True
0.8068181818181818,0.4375,0.4666666666666667,0.45161290322580644,0.33477617715037244,0.7438356164383563,0.811947601010101,0.8068181818181818,0.8092678733946811,xerces-1.2,4,RF,True
0.6590909090909091,0.2857142857142857,0.6666666666666666,0.4,0.24908601032489938,0.6753424657534247,0.7999877481009556,0.6590909090909091,0.7002164502164502,xerces-1.2,4,KNN,True
0.7272727272727273,0.23529411764705882,0.26666666666666666,0.25,0.08437446646639471,0.593607305936073,0.7411312796565489,0.7272727272727273,0.7339015151515152,xerces-1.2,4,NB,True
0.75,0.34782608695652173,0.5333333333333333,0.42105263157894735,0.28058651349959157,0.7410958904109589,0.7994983277591974,0.75,0.7690694126620898,xerces-1.2,4,MLP,True
0.8409090909090909,0.5,0.2857142857142857,0.36363636363636365,0.29474155945944724,0.6061776061776061,0.8153409090909091,0.8409090909090909,0.8223140495867768,xerces-1.2,5,DT,False
0.8295454545454546,0.0,0.0,0.0,-0.046632482042937975,0.4247104247104247,0.7055903866248694,0.8295454545454546,0.7625635234330886,xerces-1.2,5,LR,False
0.8409090909090909,0.0,0.0,0.0,0.0,0.7654440154440154,0.7071280991735537,0.8409090909090909,0.7682379349046016,xerces-1.2,5,SVM,False
0.8522727272727273,0.6666666666666666,0.14285714285714285,0.23529411764705882,0.2607082836146173,0.7799227799227799,0.8282531194295899,0.8522727272727273,0.8095886725187502,xerces-1.2,5,RF,False
0.8181818181818182,0.25,0.07142857142857142,0.1111111111111111,0.05423759975728566,0.6042471042471043,0.7505411255411254,0.8181818181818182,0.7734305076077228,xerces-1.2,5,KNN,False
0.75,0.16666666666666666,0.14285714285714285,0.15384615384615385,0.008230243607705242,0.42471042471042475,0.7346491228070174,0.75,0.742051282051282,xerces-1.2,5,NB,False
0.8522727272727273,0.6,0.21428571428571427,0.3157894736842105,0.2958678691097276,0.7374517374517374,0.8249178532311063,0.8522727272727273,0.8215189101880352,xerces-1.2,5,MLP,False
0.8409090909090909,0.0,0.0,0.0,0.0,0.5,0.7071280991735537,0.8409090909090909,0.7682379349046016,xerces-1.2,5,Majority,False
0.7954545454545454,0.3333333333333333,0.2857142857142857,0.3076923076923077,0.18929560297722056,0.5791505791505791,0.78329346092504,0.7954545454545454,0.788951048951049,xerces-1.2,5,DT,True
0.5909090909090909,0.13333333333333333,0.2857142857142857,0.18181818181818182,-0.05064707990652311,0.49613899613899615,0.7171368861024033,0.5909090909090909,0.6404958677685951,xerces-1.2,5,LR,True
0.5454545454545454,0.11764705882352941,0.2857142857142857,0.16666666666666666,-0.08990947650869127,0.6023166023166022,0.703901762725292,0.5454545454545454,0.6046401515151515,xerces-1.2,5,SVM,True
0.7954545454545454,0.3,0.21428571428571427,0.25,0.13794136083067698,0.7326254826254825,0.77004662004662,0.7954545454545454,0.7811004784688994,xerces-1.2,5,RF,True
0.7045454545454546,0.2857142857142857,0.5714285714285714,0.38095238095238093,0.2364939719877478,0.696911196911197,0.8022727272727274,0.7045454545454546,0.7383536861148802,xerces-1.2,5,KNN,True
0.7272727272727273,0.14285714285714285,0.14285714285714285,0.14285714285714285,-0.019305019305019305,0.43629343629343625,0.7272727272727273,0.7272727272727273,0.7272727272727273,xerces-1.2,5,NB,True
0.7840909090909091,0.3684210526315789,0.5,0.42424242424242425,0.30032177409633765,0.7615830115830116,0.8142119131821649,0.7840909090909091,0.7966730239457511,xerces-1.2,5,MLP,True
0.7727272727272727,0.2857142857142857,0.2857142857142857,0.2857142857142857,0.15057915057915058,0.5873552123552124,0.7727272727272727,0.7727272727272727,0.7727272727272727,xerces-1.2,6,DT,False
0.8181818181818182,0.25,0.07142857142857142,0.1111111111111111,0.05423759975728566,0.6896718146718147,0.7505411255411254,0.8181818181818182,0.7734305076077228,xerces-1.2,6,LR,False
0.8409090909090909,0.0,0.0,0.0,0.0,0.7398648648648648,0.7071280991735537,0.8409090909090909,0.7682379349046016,xerces-1.2,6,SVM,False
0.8181818181818182,0.4166666666666667,0.35714285714285715,0.38461538461538464,0.27982828266197823,0.8199806949806949,0.8076156299840509,0.8181818181818182,0.8124009324009325,xerces-1.2,6,RF,False
0.8409090909090909,0.5,0.2857142857142857,0.36363636363636365,0.29474155945944724,0.7905405405405406,0.8153409090909091,0.8409090909090909,0.8223140495867768,xerces-1.2,6,KNN,False
0.7727272727272727,0.25,0.21428571428571427,0.23076923076923078,0.0987629232924629,0.6587837837837838,0.7589712918660286,0.7727272727272727,0.7655011655011655,xerces-1.2,6,NB,False
0.8181818181818182,0.42857142857142855,0.42857142857142855,0.42857142857142855,0.3204633204633205,0.7881274131274132,0.8181818181818182,0.8181818181818182,0.8181818181818182,xerces-1.2,6,MLP,False
0.8409090909090909,0.0,0.0,0.0,0.0,0.5,0.7071280991735537,0.8409090909090909,0.7682379349046016,xerces-1.2,6,Majority,False
0.8068181818181818,0.42857142857142855,0.6428571428571429,0.5142857142857142,0.4124795447415622,0.7717181467181468,0.8463364993215738,0.8068181818181818,0.8213410702772405,xerces-1.2,6,DT,True
0.625,0.2564102564102564,0.7142857142857143,0.37735849056603776,0.23737569296902694,0.709942084942085,0.8130559916274201,0.625,0.6753336401288542,xerces-1.2,6,LR,True
0.6477272727272727,0.2702702702702703,0.7142857142857143,0.39215686274509803,0.2589063741851847,0.7543436293436294,0.8179529797176855,0.6477272727272727,0.694752228163993,xerces-1.2,6,SVM,True
0.7613636363636364,0.3333333333333333,0.5,0.4,0.26670364137908237,0.8402509652509652,0.8060832202623248,0.7613636363636364,0.7793036750483558,xerces-1.2,6,RF,True
0.7840909090909091,0.41935483870967744,0.9285714285714286,0.5777777777777777,0.5247593630651209,0.8610038610038611,0.8928718423625045,0.7840909090909091,0.810864368879636,xerces-1.2,6,KNN,True
0.7840909090909091,0.3076923076923077,0.2857142857142857,0.2962962962962963,0.16914794888212098,0.6722972972972973,0.7777389277389278,0.7840909090909091,0.7808171197432942,xerces-1.2,6,NB,True
0.7613636363636364,0.37037037037037035,0.7142857142857143,0.4878048780487805,0.3843058892906477,0.7890926640926641,0.8446900700999063,0.7613636363636364,0.7877063316087707,xerces-1.2,6,MLP,True
0.8295454545454546,0.45454545454545453,0.35714285714285715,0.4,0.30531240499566353,0.6616795366795367,0.8149350649350648,0.8295454545454546,0.8210114388922336,xerces-1.2,7,DT,False
0.8409090909090909,0.0,0.0,0.0,0.0,0.5004826254826256,0.7071280991735537,0.8409090909090909,0.7682379349046016,xerces-1.2,7,LR,False
0.8409090909090909,0.0,0.0,0.0,0.0,0.7302123552123553,0.7071280991735537,0.8409090909090909,0.7682379349046016,xerces-1.2,7,SVM,False
0.8295454545454546,0.4,0.14285714285714285,0.21052631578947367,0.16165976353418107,0.7842664092664093,0.7829682365826943,0.8295454545454546,0.7940602809861944,xerces-1.2,7,RF,False
0.8181818181818182,0.25,0.07142857142857142,0.1111111111111111,0.05423759975728566,0.6500965250965252,0.7505411255411254,0.8181818181818182,0.7734305076077228,xerces-1.2,7,KNN,False
0.8295454545454546,0.4444444444444444,0.2857142857142857,0.34782608695652173,0.2633260114913263,0.6042471042471041,0.8051719728934917,0.8295454545454546,0.8138029915523523,xerces-1.2,7,NB,False
0.8522727272727273,0.5555555555555556,0.35714285714285715,0.43478260869565216,0.36586003366494,0.6877413127413127,0.8334931594425267,0.8522727272727273,0.8386292593453718,xerces-1.2,7,MLP,False
0.8409090909090909,0.0,0.0,0.0,0.0,0.5,0.7071280991735537,0.8409090909090909,0.7682379349046016,xerces-1.2,7,Majority,False
0.7613636363636364,0.3333333333333333,0.5,0.4,0.26670364137908237,0.6486486486486487,0.8060832202623248,0.7613636363636364,0.7793036750483558,xerces-1.2,7,DT,True
0.625,0.1724137931034483,0.35714285714285715,0.23255813953488372,0.025537244501112378,0.5390926640926641,0.7400642898889539,0.625,0.6692603602028325,xerces-1.2,7,LR,True
0.6818181818181818,0.26666666666666666,0.5714285714285714,0.36363636363636365,0.21152603960959654,0.6597490347490347,0.7963427377220481,0.6818181818181818,0.7203856749311295,xerces-1.2,7,SVM,True
0.8522727272727273,0.5714285714285714,0.2857142857142857,0.38095238095238093,0.33140748234572026,0.8209459459459459,0.8280022446689114,0.8522727272727273,0.8309872922776148,xerces-1.2,7,RF,True
0.7386363636363636,0.32,0.5714285714285714,0.41025641025641024,0.2771297214576023,0.6993243243243243,0.8117316017316017,0.7386363636363636,0.765002637265411,xerces-1.2,7,KNN,True
0.29545454545454547,0.11290322580645161,0.5,0.18421052631578946,-0.19500158632888084,0.48021235521235517,0.632472366343334,0.29545454545454547,0.3488516746411483,xerces-1.2,7,NB,True
0.8181818181818182,0.4166666666666667,0.35714285714285715,0.38461538461538464,0.27982828266197823,0.6867760617760619,0.8076156299840509,0.8181818181818182,0.8124009324009325,xerces-1.2,7,MLP,True
0.8295454545454546,0.46153846153846156,0.42857142857142855,0.4444444444444444,0.34426582537184625,0.7533783783783784,0.8246386946386948,0.8295454545454546,0.8269608840078639,xerces-1.2,8,DT,False
0.8181818181818182,0.3333333333333333,0.14285714285714285,0.2,0.12886215747784868,0.5666023166023166,0.7708795269770881,0.8181818181818182,0.7864801864801865,xerces-1.2,8,LR,False
0.8409090909090909,0.0,0.0,0.0,0.0,0.7664092664092663,0.7071280991735537,0.8409090909090909,0.7682379349046016,xerces-1.2,8,SVM,False
0.8522727272727273,0.5555555555555556,0.35714285714285715,0.43478260869565216,0.36586003366494,0.833011583011583,0.8334931594425267,0.8522727272727273,0.8386292593453718,xerces-1.2,8,RF,False
0.8181818181818182,0.0,0.0,0.0,-0.06633060067416167,0.7461389961389961,0.704016913319239,0.8181818181818182,0.756818181818182,xerces-1.2,8,KNN,False
0.7954545454545454,0.3,0.21428571428571427,0.25,0.13794136083067698,0.6959459459459459,0.77004662004662,0.7954545454545454,0.7811004784688994,xerces-1.2,8,NB,False
0.7954545454545454,0.25,0.14285714285714285,0.18181818181818182,0.07859774918918593,0.7528957528957528,0.7545454545454546,0.7954545454545454,0.7715466351829988,xerces-1.2,8,MLP,False
0.8409090909090909,0.0,0.0,0.0,0.0,0.5,0.7071280991735537,0.8409090909090909,0.7682379349046016,xerces-1.2,8,Majority,False
0.8068181818181818,0.4,0.42857142857142855,0.41379310344827586,0.29856588514384014,0.7321428571428572,0.8123910336239103,0.8068181818181818,0.8094918218070927,xerces-1.2,8,DT,True
0.6022727272727273,0.18181818181818182,0.42857142857142855,0.2553191489361702,0.04813109511118895,0.5984555984555984,0.7475206611570248,0.6022727272727273,0.6533744171052434,xerces-1.2,8,LR,True
0.5795454545454546,0.1891891891891892,0.5,0.27450980392156865,0.07009067588438701,0.6196911196911197,0.7555884761767114,0.5795454545454546,0.6356720142602496,xerces-1.2,8,SVM,True
0.8068181818181818,0.4,0.42857142857142855,0.41379310344827586,0.29856588514384014,0.8344594594594594,0.8123910336239103,0.8068181818181818,0.8094918218070927,xerces-1.2,8,RF,True
0.6477272727272727,0.2571428571428571,0.6428571428571429,0.3673469387755102,0.2178487680319041,0.6993243243243243,0.8024871355060035,0.6477272727272727,0.6940893751917374,xerces-1.2,8,KNN,True
0.20454545454545456,0.16666666666666666,1.0,0.2857142857142857,0.0949157995752499,0.6925675675675677,0.8674242424242423,0.20454545454545456,0.1317016317016317,xerces-1.2,8,NB,True
0.7727272727272727,0.36363636363636365,0.5714285714285714,0.4444444444444444,0.32287320150037885,0.8021235521235521,0.8223140495867768,0.7727272727272727,0.7914862914862915,xerces-1.2,8,MLP,True
0.7613636363636364,0.35,0.4666666666666667,0.4,0.2589468121402411,0.7470319634703196,0.7916109625668448,0.7613636363636364,0.7741779497098645,xerces-1.2,9,DT,False
0.8295454545454546,0.5,0.06666666666666667,0.11764705882352941,0.1336462294407494,0.6547945205479452,0.7797304439746301,0.8295454545454546,0.7713399253354858,xerces-1.2,9,LR,False
0.8295454545454546,0.0,0.0,0.0,0.0,0.6840182648401827,0.6881456611570248,0.8295454545454546,0.752258610954263,xerces-1.2,9,SVM,False
0.8295454545454546,0.5,0.26666666666666666,0.34782608695652173,0.277134719889148,0.7972602739726028,0.8007102272727273,0.8295454545454546,0.8075060063551113,xerces-1.2,9,RF,False
0.7954545454545454,0.3333333333333333,0.2,0.25,0.14620016082026535,0.7013698630136986,0.7603567318757191,0.7954545454545454,0.7739234449760766,xerces-1.2,9,KNN,False
0.7954545454545454,0.2857142857142857,0.13333333333333333,0.18181818181818182,0.09010725500171725,0.5817351598173517,0.7451098284431619,0.7954545454545454,0.76357733175915,xerces-1.2,9,NB,False
0.8181818181818182,0.47058823529411764,0.5333333333333333,0.5,0.39055809735475494,0.8310502283105023,0.8279731867138661,0.8181818181818182,0.82260101010101,xerces-1.2,9,MLP,False
0.8295454545454546,0.0,0.0,0.0,0.0,0.5,0.6881456611570248,0.8295454545454546,0.752258610954263,xerces-1.2,9,Majority,False
0.8181818181818182,0.47368421052631576,0.6,0.5294117647058824,0.4231550750588243,0.8438356164383561,0.8381526939879342,0.8181818181818182,0.8263161858853657,xerces-1.2,9,DT,True
0.5681818181818182,0.20512820512820512,0.5333333333333333,0.2962962962962963,0.08226394989476836,0.6328767123287672,0.746003996003996,0.5681818181818182,0.6216674946183143,xerces-1.2,9,LR,True
0.625,0.25,0.6,0.35294117647058826,0.1760113034017543,0.6940639269406392,0.7764423076923077,0.625,0.6707058823529413,xerces-1.2,9,SVM,True
0.8068181818181818,0.42857142857142855,0.4,0.41379310344827586,0.29856588514384014,0.85662100456621,0.8017067392067393,0.8068181818181818,0.804144541829271,xerces-1.2,9,RF,True
0.7272727272727273,0.3333333333333333,0.6,0.42857142857142855,0.2881755335019611,0.7465753424657535,0.8047690014903129,0.7272727272727273,0.7540220973056794,xerces-1.2,9,KNN,True
0.7159090909090909,0.14285714285714285,0.13333333333333333,0.13793103448275862,-0.031922138663177876,0.5004566210045662,0.7081651456651458,0.7159090909090909,0.7119772673959867,xerces-1.2,9,NB,True
0.7954545454545454,0.42857142857142855,0.6,0.5,0.38429459009986283,0.8401826484018264,0.8283097499515409,0.7954545454545454,0.8081168831168831,xerces-1.2,9,MLP,True
